evidence_id,parent_evidence_id,claim,source_ids,source_locator,claim_type,grade,information_content,confidence,status,decision_targets,notes
EVD-0180,EVD-0051,"ProcurePro procurement schedules update milestone status automatically as procurement work is completed.",SRC-0030,"Procurement Schedule > How it works > Just procure and the schedule updates automatically",PRODUCT_MECHANICS_CLAIM,B,MECHANISM_REVEALING,HIGH,SUPPORTED,ADR-0013,"Direct product-mechanics support; not proof this pattern is universally correct."
EVD-0181,EVD-0054,"ProcurePro subcontractors can access tenders from emailed secure links without signing up or logging in.",SRC-0031,"FAQ > Do subcontractors need to sign up log in or pay?",PRODUCT_MECHANICS_CLAIM,B,MECHANISM_REVEALING,HIGH,SUPPORTED,"ADR-0012;ADR-0016","Supports a low-friction external-access pattern."
EVD-0182,EVD-0080,"Autodesk Build Cost Management supports multiple budgets to one contract, one budget to one contract, and one budget allocated across multiple contracts.",SRC-0032,"General Cost Management Settings > Budget and Contract Allocation",PRODUCT_MECHANICS_CLAIM,A,OBJECT_MODEL_REVEALING,HIGH,SUPPORTED,ADR-0011,"Exposes multiple supported budget-contract cardinalities."
EVD-0183,EVD-0089,"Autodesk Build Cost Management makes budget-to-contract relationship cardinality configurable through project settings.",SRC-0032,"General Cost Management Settings > Budget and Contract Allocation options",PRODUCT_MECHANICS_CLAIM,A,MECHANISM_REVEALING,HIGH,SUPPORTED,ADR-0011,"Shows configurable rather than single fixed cardinality."
EVD-0184,EVD-0090,"Autodesk Build Cost Management models contracts, payment applications and change orders as connected financial workflows; reviewed documentation does not establish one strict linear contract-to-payment-to-change sequence.","SRC-0033,SRC-0034","Payments > Setup and Foundation + Payment Features; Change Orders > financial Cost Management workflow",PRODUCT_MECHANICS_CLAIM,A,MECHANISM_REVEALING,HIGH,SUPPORTED,"ADR-0005;ADR-0015","Corrects the inherited arrow-chain wording."
EVD-0185,EVD-0099,"Aconex prevents organizations from deleting or altering project records outside its versioning model and records project activity for auditability.",SRC-0035,"Unique Data Ownership Model > rules 1 and 3",PRODUCT_MECHANICS_CLAIM,A,MECHANISM_REVEALING,HIGH,SUPPORTED,ADR-0014,"Evidence for immutable/auditable record mechanics."
EVD-0186,EVD-0103,"Aconex supports guest participants who cannot log in but can receive and reply to project mail and tender documents, view addenda and initiate tender RFIs, subject to restrictions.",SRC-0036,"What are guest users? > capabilities and restrictions",PRODUCT_MECHANICS_CLAIM,A,MECHANISM_REVEALING,HIGH,SUPPORTED,"ADR-0012;ADR-0016","Shows a participant model distinct from full users."
EVD-0187,EVD-0107,"Aconex uses organization-based private workspaces where each organization controls visibility of its information and the project owner is not a universal super-user over other organizations' private data.",SRC-0035,"Unique Data Ownership Model > five rules",PRODUCT_MECHANICS_CLAIM,A,OBJECT_MODEL_REVEALING,HIGH,SUPPORTED,"ADR-0005;ADR-0021","Evidence for multi-party data-ownership boundaries."
EVD-0188,EVD-0120,"Primavera Unifier has a workflow engine that routes business-process forms through configured steps, records actions at each step and distinguishes terminal outcomes.",SRC-0037,"About Workflows > routing example and terminal status",PRODUCT_MECHANICS_CLAIM,A,MECHANISM_REVEALING,HIGH,SUPPORTED,"ADR-0008;ADR-0018","Mechanism evidence; required V1 generality remains open."
