area_id,domain,product_area,v1_class,reason,dependency_or_boundary,future_ceiling_preserved,revisit_evidence
FND-01,Foundation,Company and tenant identity,SPINE,Required owner/security boundary for every transaction,None,Multi-company tenancy,Primary evidence showing single-company-only target
FND-02,Foundation,Legal entity model,SPINE,Commercial authority and ownership cannot be retrofitted safely,May be thin in UI but explicit in model,Multi-entity/JV ceiling,Beachhead evidence proving legal entity never affects authority or finance
FND-03,Foundation,Branch and business unit hierarchy,THIN,Needed for policy/portfolio context but depth can be limited,Inherits tenant/legal entity,Regional operating structure,Observed need for complex matrix organizations
FND-04,Foundation,Project master,SPINE,Primary operating container for procurement/commercial work,None,Portfolio expansion,No plausible revisit; retained substrate
FND-05,Foundation,Internal users and identity,SPINE,Required for authority/audit/actions,External IdP may remain interface,Enterprise SSO later,Target customers require external-only identity
FND-06,Foundation,Roles permissions and DOA,SPINE,Approvals without explicit authority are unsafe,Must bind to bounded actions,Enterprise governance,Primary DOA matrices prove simpler fixed roles are sufficient
FND-07,Foundation,External vendor/subcontractor identity,SPINE,WEDGE-03 and evidence confidentiality require first-class external identity,Guest/magic-link allowed,Network identity later,Supplier research shows email-only identity is mandatory
FND-08,Foundation,Configuration inheritance,THIN,Some company/project defaults needed but broad hierarchy is expensive,Versioning required,Later configurable platform,Primary variance requires deeper hierarchy
FND-09,Foundation,Broad custom fields/no-code schema,OUT,High testing/migration burden before real variance is known,Do not block future metadata extension,Later customers require fields not representable by typed model
FND-10,Foundation,General workflow engine,OUT,A fully general engine creates disproportionate configuration burden,V1 uses constrained shared approval/routing primitives,Future workflow platform,Primary workflows cannot fit constrained engine
FND-11,Foundation,Shared approval/routing service,SPINE,Used across sourcing recommendations commitments and changes,Cannot bypass domain guards,General workflow later,Primary evidence shows only fixed module-specific approval is needed
FND-12,Foundation,Audit event catalogue,SPINE,Commercial truth authority and future AI require durable action history,Redaction mechanism governed later,Dispute-grade audit,No plausible revisit; retained substrate
FND-13,Foundation,Tasks notifications ball-in-court,THIN,Useful for adoption but not truth substrate,Derived from lifecycle where possible,Action center later,Users require richer work management to adopt
FND-14,Foundation,Global search,THIN,Operationally useful but can start constrained,Indexes owned records/evidence,Enterprise search later,Primary workflows show search is critical to core task completion
MAS-01,Master Data,Vendor/subcontractor master,SPINE,Central participant identity across tenders commitments and evidence,None,Supplier governance expansion,No plausible revisit
MAS-02,Master Data,Vendor categories/trades/project eligibility,SPINE,Required for sourcing and controlled invite selection,Keep policy model narrow,Portfolio sourcing intelligence,Observed sourcing does not use categories/eligibility
MAS-03,Master Data,Vendor qualification/compliance documents,THIN,Important but full SRM depth is not required for initial wedge,Can block invite/award on minimum compliance,Supplier governance later,Primary evidence shows qualification is mandatory before every tender
MAS-04,Master Data,Vendor performance scoring,THIN,Capture deterministic outcome facts but avoid sophisticated scoring initially,Events feed later scoring,Vendor intelligence/AI,Buying decisions depend materially on formal performance history
MAS-05,Master Data,Vendor capacity/exposure optimization,OUT,Requires broad project/commitment truth and potentially predictive logic,Keep underlying commitment relationships queryable,Future portfolio intelligence,Primary evidence shows capacity exposure is a top award constraint
MAS-06,Master Data,Item/material catalogue,THIN,Needed for repetitive material requests but not every procurement is catalogue-led,Requisition lines can be freeform and typed,Future catalogs/pricing,High recurring SKU volume requires stronger master
MAS-07,Master Data,Trade/package taxonomy,SPINE,Supports procurement planning sourcing comparison and reporting,Must not imply package universal root,Portfolio category analytics,Primary evidence rejects reusable category structure
FIN-01,Commercial Foundation,Cost code/WBS reference,SPINE,Every awarded commitment ultimately needs controlled cost attribution,Can import from external owner,Job-cost integration,Primary evidence supports later/no coding until accounting
FIN-02,Commercial Foundation,Budget snapshot and available-for-commitment context,SPINE,WEDGE-02 needs commercial context without full budgeting,External budget may remain authoritative,Full cost management later,Existing ERP provides sufficient real-time context via interface only
FIN-03,Commercial Foundation,Full budget creation/reforecasting,INTERFACE-ONLY,Owning complete project budgeting would expand V1 into cost-management ERP,Import/reference contract required,Future cost-control module,Customers cannot use commitment truth without in-product budget ownership
FIN-04,Commercial Foundation,Canonical commercial event substrate,SPINE,Required to derive committed/pending/change balances consistently,Not a presumed GL,Commercial platform ceiling,No plausible revisit
FIN-05,Commercial Foundation,Multi-currency FX tax and rounding semantics,SPINE,High-ceiling financial correctness is hard to retrofit,User surface can be narrow but semantics explicit,Multi-country ceiling,Only if architecture deliberately becomes single-currency forever
FIN-06,Commercial Foundation,Accounts payable/general ledger,OUT,External accounting remains authoritative unless later boundary decision changes,Defined integration seam only,ERP coexistence,Primary evidence shows no standalone value without owning AP/GL
FIN-07,Commercial Foundation,Payment execution/banking,OUT,Not required for procurement/commercial operating wedge,Payment state may be mirrored,Future finance expansion,Customer value depends on payment execution
FIN-08,Commercial Foundation,Invoice/payment status,INTERFACE-ONLY,Useful context but authority likely accounting-side in V1,Mirror/reference with staleness/reconciliation,Later payment control,Primary boundary evidence supports product ownership
FIN-09,Commercial Foundation,Progress claims/certification,THIN,Needed to test downstream commercial continuity but full depth can follow procurement wedge,Must use canonical events and evidence,Commercial administration expansion,Primary evidence shows certification is inseparable from commitment control
FIN-10,Commercial Foundation,Retention bonds guarantees insurance,THIN,Commercial terms must be representable but lifecycle depth can be limited,Terms/evidence first,Full contract administration,Beachhead requires automated lifecycle/release control
PRC-01,Procurement,Procurement plan and milestone schedule,SPINE,WEDGE-01 needs planned demand and exception visibility,Status may derive from transactions,Portfolio planning later,Primary workflows operate purely ad hoc
PRC-02,Procurement,Material/request requisition path,SPINE,Ordinary procurement must work without forcing packages,None,Dual-path ontology,Primary evidence shows all work is package-led
PRC-03,Procurement,Procurement package path,SPINE,Subcontract/trade procurement requires grouped scope and tender lifecycle,Not universal root,Diverse procurement models,Primary evidence shows package concept is unnecessary
PRC-04,Procurement,Long-lead tracked-item orchestration,THIN,Important but object model awaits primary cases,May link package/commitment/submittal,Logistics expansion,Long-lead control is a top beachhead wedge
PRC-05,Sourcing,RFQ/tender event,SPINE,Core WEDGE-01 transaction,None,Full sourcing platform,No plausible revisit
PRC-06,Sourcing,Bidder selection and invitation,SPINE,Core sourcing control and evidence,None,Supplier network later,No plausible revisit
PRC-07,Sourcing,Requested pricing breakdown/bid form,SPINE,Comparison quality needs controlled requested structure,Allow attachments/freeform exceptions,AI extraction later,Suppliers reject structured fields at material rate
PRC-08,Sourcing,Quote and revision capture,SPINE,WEDGE-03 requires exact latest version/source truth,Email/manual capture can coexist,Automated extraction later,No plausible revisit
PRC-09,Sourcing,Clarifications addenda tender correspondence,THIN,Commercial evidence matters but broad messaging platform is not required,Link messages/docs to tender,Communication hub later,Primary evidence shows clarifications materially drive award risk
PRC-10,Sourcing,Bid comparison/levelling,SPINE,Central deterministic buying decision surface,Human normalization allowed,AI-assisted levelling later,No plausible revisit
PRC-11,Sourcing,Recommendation,SPINE,Creates explicit decision proposal before authority approval,None,Decision intelligence later,Primary process does not use recommendation layer
PRC-12,Sourcing,Approval and authority check,SPINE,Required before award/commitment,None,Enterprise policy engine later,No plausible revisit
PRC-13,Sourcing,Negotiation log,THIN,Useful evidence but can remain structured notes/revisions,Must not become CRM,Negotiation intelligence later,Primary evidence shows negotiation history is critical dispute evidence
PRC-14,Sourcing,Award decision and handoff,SPINE,Closes sourcing lifecycle and feeds commercial truth,None,Procure-to-commercial continuity,No plausible revisit
COM-01,Commitments,PO and subcontract commitment record,SPINE,WEDGE-02 requires issued commercial obligation after award,Canonical type decision deferred to primary/design evidence,Full contract administration,No plausible revisit
COM-02,Commitments,Contract/PO document compilation,THIN,Can generate from templates/particulars without becoming document automation suite,Issued version linked to commitment,Clause automation later,Primary evidence shows manual document creation dominates cycle time
COM-03,Commitments,E-signature,INTERFACE-ONLY,Specialized trust/signature capability should integrate rather than be rebuilt,Signed artifact returned to evidence store,Signature ecosystem,Customers require native signing for adoption
COM-04,Commitments,Variation/change order control,SPINE,Commitment truth is invalid without controlled post-award change,Canonical events and approval required,Commercial administration expansion,Only if V1 explicitly ends at immutable award with no ongoing truth claim
COM-05,Commitments,Delivery/GRN/material receipt,THIN,Needed for material-order continuity but warehouse depth is outside wedge,Can capture milestone/receipt evidence,Logistics/inventory later,Material-heavy beachhead requires receipt as core control
COM-06,Commitments,Subcontract progress claim workflow,THIN,Preserves downstream path without forcing full payment system,Certification semantics governed by FIN-09,Full commercial administration,Primary evidence makes claims central to willingness to pay
COM-07,Commitments,Final account/commitment closeout,THIN,Need valid terminal state but detailed closeout can be constrained,Final value and evidence preserved,Closeout/warranty expansion,Primary evidence shows complex final accounts are frequent core pain
DOC-01,Evidence,Commercial evidence provenance,SPINE,Accepted irreversible substrate requirement,Source/version/location identity,AI/dispute evidence ceiling,No plausible revisit
DOC-02,Evidence,Document identity/version/register for owned commercial artifacts,SPINE,Required to make tender/award/commitment evidence reproducible,Not a full CDE,Document intelligence later,No plausible revisit
DOC-03,Evidence,Full CDE drawings BIM document control,INTERFACE-ONLY,Rebuilding Aconex/ACC is outside procurement wedge,Reference/version link to external CDE,Future deeper integration,Beachhead lacks CDE and requires product to own project documents
DOC-04,Evidence,Email/message capture for commercial threads,THIN,Important but channel integration complexity can expand rapidly,Manual forward/upload plus structured references initially,Communication intelligence later,Primary evidence proves unmanaged channels are dominant blocker
DOC-05,Evidence,Submittals/RFI/transmittal management,OUT,Adjacent project-control domain with large lifecycle burden,Links/references allowed,Future project-controls expansion,Procurement cannot operate without submittal dependency management
EXT-01,External UX,Guest/secure tender participation,SPINE,WEDGE-03 requires low-friction external action path,Task-focused not full portal,External collaboration platform,Primary evidence shows portal accounts are universally acceptable
EXT-02,External UX,Supplier self-registration,THIN,Useful onboarding but can begin invite-first,Minimum master data/compliance capture,Supplier lifecycle later,Primary sourcing is impossible without pre-registration
EXT-03,External UX,Broad supplier portal/dashboard,OUT,High surface/support burden before supplier behavior is proven,Guest task flows preserve future portal path,Vendor platform later,Suppliers demand persistent dashboard for adoption
EXT-04,External UX,Supplier marketplace/network discovery,OUT,Two-sided network is a separate business model,Vendor master/category model preserves expansion,Marketplace later,Customer acquisition depends on net-new vendor discovery
INT-01,Integration,Bounded internal service/API actions,SPINE,Accepted irreversible substrate requirement,All mutations use validated actions,Agent/tool API later,No plausible revisit
INT-02,Integration,External integration API/event surface,SPINE,Needed to coexist with ERP/CDE and future agents,Scope limited to SPINE actions/entities,Ecosystem ceiling,No plausible revisit
INT-03,Integration,Connector/reconciliation framework,SPINE,Authority sync retry conflict and reconciliation must exist before specific connectors,Specific adapters can be later,Multi-ERP platform,Primary evidence proves import/export is enough with no ongoing sync
INT-04,Integration,Deep named ERP connectors,INTERFACE-ONLY,Beachhead stack unknown and connector-specific work can dominate build,Reference connector later selected,Enterprise expansion,Beachhead overwhelmingly standardizes on one ERP and demands connector
INT-05,Integration,Initial data import/migration,THIN,Adoption needs practical onboarding but not universal ETL,Preview validation IDs reconciliation,Migration framework later,Primary data volumes require deeper migration tooling
INT-06,Integration,Export/BI/accounting handoff,SPINE,Users need deterministic escape/reconciliation path,CSV/API first acceptable,BI ecosystem,No plausible revisit
UX-01,User Experience,Responsive web application,SPINE,Head-office/site workflows require broadly accessible surface,Native mobile not required,Multi-device platform,Primary evidence requires mobile-native field execution
UX-02,User Experience,Native mobile apps,OUT,Separate build/test/support burden without current core need,Responsive web/API preserve path,Field/mobile later,Primary workflows are mobile-first
UX-03,User Experience,Offline operation,OUT,Complex sync/conflict semantics not justified before field dependence is proven,Architecture must not preclude later offline clients,Offline later,Connectivity evidence shows core actions occur offline
UX-04,User Experience,Operational dashboards and core reports,SPINE,Validates model and gives cross-project control,Derived from canonical truth,Portfolio analytics later,No plausible revisit
UX-05,User Experience,Saved views/filter/grouping personalization,THIN,High usability value with moderate burden,Stable query contracts first,Advanced workspace customization,Primary evidence shows one standard view is sufficient
AI-01,Future AI,Document/quote extraction,OUT,AI implementation is post-deterministic Phase 5,Provenance and action contracts preserved,AI wedge later,Not revisited inside deterministic V1
AI-02,Future AI,AI recommendation/copilot,OUT,Must not be required for deterministic business case,Decision/evidence data preserved,AI reasoning later,Not revisited inside deterministic V1
AI-03,Future AI,Autonomous procurement actions,OUT,Requires validated deterministic substrate first,Bounded actions and authority ladder preserved,Agentic ceiling,Not revisited inside deterministic V1
ADJ-01,Adjacent,Estimating/takeoff,INTERFACE-ONLY,Large adjacent domain; consume estimate/budget handover rather than own it,Import/reference seam,Future preconstruction expansion,Beachhead demands direct estimate handover integration depth
ADJ-02,Adjacent,Project scheduling/CPM,INTERFACE-ONLY,Procurement milestones may reference schedule but should not build scheduler,Milestone/date import and link,Schedule integration later,Procurement planning cannot function without deep schedule logic
ADJ-03,Adjacent,Inventory/warehouse management,OUT,Separate operational domain and stock accounting burden,Receipts/commitment lines preserve integration path,Materials platform later,Target segment has central-stock procurement as dominant workflow
ADJ-04,Adjacent,HR payroll attendance,OUT,No procurement/commercial dependency,None,None,No revisit in this product thesis
ADJ-05,Adjacent,CRM sales/client management,OUT,Outside contractor procurement/commercial operating boundary,None,None,No revisit in this product thesis
