event_id,event_type,event_time_utc,event_time_et,release_period,official_source
2016-01-08_nfp,NFP,2016-01-08T13:30:00Z,2016-01-08 08:30 EST,December 2015,BLS 2016 release schedule
2016-02-05_nfp,NFP,2016-02-05T13:30:00Z,2016-02-05 08:30 EST,January 2016,BLS 2016 release schedule
2016-03-04_nfp,NFP,2016-03-04T13:30:00Z,2016-03-04 08:30 EST,February 2016,BLS 2016 release schedule
2016-04-01_nfp,NFP,2016-04-01T12:30:00Z,2016-04-01 08:30 EDT,March 2016,BLS 2016 release schedule
2016-05-06_nfp,NFP,2016-05-06T12:30:00Z,2016-05-06 08:30 EDT,April 2016,BLS 2016 release schedule
2016-06-03_nfp,NFP,2016-06-03T12:30:00Z,2016-06-03 08:30 EDT,May 2016,BLS 2016 release schedule
2016-07-08_nfp,NFP,2016-07-08T12:30:00Z,2016-07-08 08:30 EDT,June 2016,BLS 2016 release schedule
2016-08-05_nfp,NFP,2016-08-05T12:30:00Z,2016-08-05 08:30 EDT,July 2016,BLS 2016 release schedule
2016-09-02_nfp,NFP,2016-09-02T12:30:00Z,2016-09-02 08:30 EDT,August 2016,BLS 2016 release schedule
2016-10-07_nfp,NFP,2016-10-07T12:30:00Z,2016-10-07 08:30 EDT,September 2016,BLS 2016 release schedule
2016-11-04_nfp,NFP,2016-11-04T12:30:00Z,2016-11-04 08:30 EDT,October 2016,BLS 2016 release schedule
2016-12-02_nfp,NFP,2016-12-02T13:30:00Z,2016-12-02 08:30 EST,November 2016,BLS 2016 release schedule
2016-01-20_cpi,CPI,2016-01-20T13:30:00Z,2016-01-20 08:30 EST,December 2015,BLS 2016 release schedule
2016-02-19_cpi,CPI,2016-02-19T13:30:00Z,2016-02-19 08:30 EST,January 2016,BLS 2016 release schedule
2016-03-16_cpi,CPI,2016-03-16T12:30:00Z,2016-03-16 08:30 EDT,February 2016,BLS 2016 release schedule
2016-04-14_cpi,CPI,2016-04-14T12:30:00Z,2016-04-14 08:30 EDT,March 2016,BLS 2016 release schedule
2016-05-17_cpi,CPI,2016-05-17T12:30:00Z,2016-05-17 08:30 EDT,April 2016,BLS 2016 release schedule
2016-06-16_cpi,CPI,2016-06-16T12:30:00Z,2016-06-16 08:30 EDT,May 2016,BLS 2016 release schedule
2016-07-15_cpi,CPI,2016-07-15T12:30:00Z,2016-07-15 08:30 EDT,June 2016,BLS 2016 release schedule
2016-08-16_cpi,CPI,2016-08-16T12:30:00Z,2016-08-16 08:30 EDT,July 2016,BLS 2016 release schedule
2016-09-16_cpi,CPI,2016-09-16T12:30:00Z,2016-09-16 08:30 EDT,August 2016,BLS 2016 release schedule
2016-10-18_cpi,CPI,2016-10-18T12:30:00Z,2016-10-18 08:30 EDT,September 2016,BLS 2016 release schedule
2016-11-17_cpi,CPI,2016-11-17T13:30:00Z,2016-11-17 08:30 EST,October 2016,BLS 2016 release schedule
2016-12-15_cpi,CPI,2016-12-15T13:30:00Z,2016-12-15 08:30 EST,November 2016,BLS 2016 release schedule
2016-02-01_pce,PCE,2016-02-01T13:30:00Z,2016-02-01 08:30 EST,December 2015,BEA Personal Income and Outlays 2016 release dates
2016-02-26_pce,PCE,2016-02-26T13:30:00Z,2016-02-26 08:30 EST,January 2016,BEA Personal Income and Outlays 2016 release dates
2016-03-28_pce,PCE,2016-03-28T12:30:00Z,2016-03-28 08:30 EDT,February 2016,BEA Personal Income and Outlays 2016 release dates
2016-04-29_pce,PCE,2016-04-29T12:30:00Z,2016-04-29 08:30 EDT,March 2016,BEA Personal Income and Outlays 2016 release dates
2016-05-31_pce,PCE,2016-05-31T12:30:00Z,2016-05-31 08:30 EDT,April 2016,BEA Personal Income and Outlays 2016 release dates
2016-06-29_pce,PCE,2016-06-29T12:30:00Z,2016-06-29 08:30 EDT,May 2016,BEA Personal Income and Outlays 2016 release dates
2016-08-02_pce,PCE,2016-08-02T12:30:00Z,2016-08-02 08:30 EDT,June 2016,BEA Personal Income and Outlays 2016 release dates
2016-08-29_pce,PCE,2016-08-29T12:30:00Z,2016-08-29 08:30 EDT,July 2016,BEA Personal Income and Outlays 2016 release dates
2016-09-30_pce,PCE,2016-09-30T12:30:00Z,2016-09-30 08:30 EDT,August 2016,BEA Personal Income and Outlays 2016 release dates
2016-10-31_pce,PCE,2016-10-31T12:30:00Z,2016-10-31 08:30 EDT,September 2016,BEA Personal Income and Outlays 2016 release dates
2016-11-30_pce,PCE,2016-11-30T13:30:00Z,2016-11-30 08:30 EST,October 2016,BEA Personal Income and Outlays 2016 release dates
2016-12-22_pce,PCE,2016-12-22T13:30:00Z,2016-12-22 08:30 EST,November 2016,BEA Personal Income and Outlays 2016 release dates
2016-01-27_fomc,FOMC,2016-01-27T19:00:00Z,2016-01-27 14:00 EST,January 26-27 meeting,Federal Reserve historical FOMC 2016
2016-03-16_fomc,FOMC,2016-03-16T18:00:00Z,2016-03-16 14:00 EDT,March 15-16 meeting,Federal Reserve historical FOMC 2016
2016-04-27_fomc,FOMC,2016-04-27T18:00:00Z,2016-04-27 14:00 EDT,April 26-27 meeting,Federal Reserve historical FOMC 2016
2016-06-15_fomc,FOMC,2016-06-15T18:00:00Z,2016-06-15 14:00 EDT,June 14-15 meeting,Federal Reserve historical FOMC 2016
2016-07-27_fomc,FOMC,2016-07-27T18:00:00Z,2016-07-27 14:00 EDT,July 26-27 meeting,Federal Reserve historical FOMC 2016
2016-09-21_fomc,FOMC,2016-09-21T18:00:00Z,2016-09-21 14:00 EDT,September 20-21 meeting,Federal Reserve historical FOMC 2016
2016-11-02_fomc,FOMC,2016-11-02T18:00:00Z,2016-11-02 14:00 EDT,November 1-2 meeting,Federal Reserve historical FOMC 2016
2016-12-14_fomc,FOMC,2016-12-14T19:00:00Z,2016-12-14 14:00 EST,December 13-14 meeting,Federal Reserve historical FOMC 2016
