source_id,organization,geography,evidence_class,workflow_area,source_type,url,gate_use,notes
PUBSRC-001,Khansaheb Civil Engineering LLC,UAE,PRIMARY_CONTRACTOR_EVIDENCE_PUBLIC|PRIMARY_TRANSACTION_EVIDENCE_PUBLIC,Requisition-LPO-GRN-Accounts; tender; subcontract; submittals,Contractor-hosted certification audit,https://ksight.khansaheb.ae/IntranetPortal/media/IntranetLibrary/DeptQA/QsheAuditReports/Audit_Report_Per_Site_1-1OW8Z-13_1-1OW8Z-13_Interiors_division.pdf,UAE case; workflow reconstruction; transaction trail,Contains sampled requisition/LPO/DN/GRN IDs and Commercial Summary T75 verification
PUBSRC-002,ASGC,UAE,PRIMARY_CONTRACTOR_EVIDENCE_PUBLIC,Vendor RFQ and quotation submission,Official contractor vendor page,https://www.asgcgroup.com/vendors,UAE case; workflow reconstruction; supplier interaction,Official eProcurement entry page
PUBSRC-003,ASGC,UAE,PRIMARY_CONTRACTOR_EVIDENCE_PUBLIC,RFQ-quotation-criteria-documents,Official contractor vendor manual,https://www.asgcgroup.com/pdf/Vendor-Web-Portal-ASGC.pdf,UAE workflow; FT variants,Permits supplier-added quotation items and explicit submission
PUBSRC-004,Bechtel,Global,PRIMARY_CONTRACTOR_EVIDENCE_PUBLIC,Engineered procurement/material requisition-bid-CBS-award-PO,Official contractor career role,https://jobs.bechtel.com/job/Lead-BuyerExpediter/1379115600/,Outside-founder case; workflow reconstruction; FT01/03,Current role describes material requisition bidder list bid requests CBS recommendations and PO changes
PUBSRC-005,Bechtel,Global,PRIMARY_CONTRACTOR_EVIDENCE_PUBLIC,Subcontract formation and administration,Official contractor career role,https://jobs.bechtel.com/job/Houston-Subcontract-Specialist-TX-77056/1394478000/,Workflow reconstruction; FT03/04,Preaward evaluation approval subcontract formation and postaward administration
PUBSRC-006,Bechtel,Global,PRIMARY_CONTRACTOR_EVIDENCE_PUBLIC,Engineered equipment package procurement,Official contractor career role,https://jobs.bechtel.com/job/Reston-Turbine-Package-Commercial-Manager-VA-20190/1354220800/,Outside-founder package stress case,Technical/commercial cross-functional package
PUBSRC-007,Bechtel,Global,PRIMARY_CONTRACTOR_EVIDENCE_PUBLIC,Backcharge/corrective work recovery,Official supplier guide,https://www.bechtel.com/getmedia/0b4fd69e-be6c-4e09-b085-b5caf826009b/2023-Supplier-Guide_1.pdf,FT07; recovery stress,Defines backcharge for correcting supplier obligation using Bechtel or third party resources and settlement methods
PUBSRC-008,Fluor,Global,PRIMARY_CONTRACTOR_EVIDENCE_PUBLIC,Subcontract preaward-through-closeout,Official contractor CMSi page,https://www.fluor.com/services-and-expertise/innovation-and-expertise/technologies-and-processes/fluor-cmsi,Independent workflow; outside-founder pattern,Historical contractor bids performance and claim history
PUBSRC-009,Fluor,Global,PRIMARY_CONTRACTOR_EVIDENCE_PUBLIC,Supplier registration boundary,Official contractor supplier portal,https://supplierportal.fluor.com/,Variant registration-vs-qualification,Portal is not RFQ/RFP and registration does not equal qualification
PUBSRC-010,Larsen & Toubro / NPL,India,PRIMARY_CONTRACTOR_EVIDENCE_PUBLIC,RFQ-initial/final offer-comparative-PO,Contractor-hosted process requirement,https://nplmaximo.larsentoubro.com/ATTACHMENTS/ComparativeStatementProcedure-Requirement.pdf,Independent workflow; FT quote/comparison; artifact near-miss,Original contractor comparative process but not a completed bidder-row artifact
PUBSRC-011,Skanska,Finland/Global,REGULATORY_OR_CONTRACTUAL_REQUIREMENT|PRIMARY_CONTRACTOR_EVIDENCE_PUBLIC,Subcontract valuation/invoicing,Contractor standard subcontract terms,https://www.skanska.com/api/download?filename=skanska-standard-terms-and-conditions-for-subcontracting.pdf&url=https%3A%2F%2Fedit.skanska.com%2Fsiteassets%2Fskanska-suomessa%2Fyhteistyokumppaneille%2Fsopimusasiakirjat%2Fen%2Fskanska-standard-terms-and-conditions-for-subcontracting.pdf,FT04/05 stress evidence,Progress stored material unit price hourly and amendment-work variants
PUBSRC-012,ALEC,UAE,PRIMARY_CONTRACTOR_EVIDENCE_PUBLIC,Prequalification,Official contractor supply-chain/prequalification page,https://www.alec.ae/subcontractors-and-supply-chain,UAE corroboration; qualification boundary,Prequalification distinct supplier governance
PUBSRC-013,ALEC,UAE,REGULATORY_OR_CONTRACTUAL_REQUIREMENT,Supply acceptance technical approval replacement/recovery,Contractor purchase/supply terms,https://www.alec.ae/subcontractors-and-supply-chain,UAE contractual stress; FT07,Used with official ALEC terms surfaced through contractor site/search
PUBSRC-014,Qotera,UAE,SECONDARY_MARKET_CORROBORATION|SUPPLIER_SIDE_OPERATOR_EVIDENCE,Incomplete RFQs supplier friction quote/no-quote,Operator website,https://qotera.net/,Supplier-side friction gate,Mixed BOQ WhatsApp site-photo inputs clarification and follow-up
PUBSRC-015,Rabitbuild,UAE,SECONDARY_MARKET_CORROBORATION,RFQ-response-negotiation-delivery,Marketplace website,https://rabitbuild.ae/,Supplier-side corroboration,Not used as contractor primary
PUBSRC-016,Inframat,UAE,SECONDARY_MARKET_CORROBORATION,Mixed-format RFQ leveling supplier response,Procurement software/operator website,https://www.inframat.ai/,Supplier-side corroboration,Not used as contractor primary
