case_id,step_id,raw_step_label,actor_role,input_artifact,output_artifact,approval_authority,tool_channel,source_of_truth,evidence_ref,confidence,notes
CAL-001,C01,"look-ahead / lead-time coordination","Planning / Projects + Procurement","Project need / schedule context","Procurement timing / need identified",UNKNOWN,"Planning process + procurement records",UNKNOWN,PSRC-0001;PSRC-0002,HIGH,"Exact planning tool and milestone state model not observed."
CAL-001,C02,requisition,"Project/site/internal requester + Procurement","Material/service/package requirement",Requisition,"Exact approval chain UNKNOWN","FirstBit / controlled procurement workflow",Requisition record,PSRC-0001;PSRC-0002,HIGH,"Exact requisition fields and cost-code timing not yet evidenced."
CAL-001,C03,"RFQ / RFP",Procurement,"Usable procurement requirement","Supplier quotations / proposals",UNKNOWN,"Supplier communication channel not fully evidenced","RFQ/RFP + received offer set",PSRC-0001;PSRC-0002,HIGH,"Bidder-list formation and invite evidence not yet reconstructed."
CAL-001,C04,"quotation / revisions","Supplier/subcontractor + Procurement",RFQ/RFP,"Quotation / proposal",NONE_OBSERVED,"Supplier document / channel UNKNOWN","Latest accepted quotation evidence",PSRC-0003;PSRC-0004,HIGH,"Revision-control mechanism not yet reconstructed."
CAL-001,C05,"technical & commercial comparison / comparison sheet","Procurement + technical/project participants","Supplier quotations / proposals","Comparison sheet / evaluated offers",UNKNOWN,"Comparison artifact / procurement process","Comparison sheet",PSRC-0001;PSRC-0002,HIGH,"Whether comparison carries unique authoritative truth outside ERP remains open."
CAL-001,C06,approval,"Procurement + management/authorized approver","Evaluated sourcing result","Approved transaction / approval evidence","Authorized approver; exact DOA UNKNOWN","FirstBit approval automation","FirstBit approval state / evidence",PSRC-0002,MEDIUM_HIGH,"Approval exists; routing depth/effective authority not yet evidenced."
CAL-001,C07A,"LPO / PO","Procurement + authorized issuer + supplier","Approved award / selected offer","Issued LPO/PO","Authorization field observed","FirstBit / issued PO","Issued PO",PSRC-0002;PSRC-0003,HIGH,"PO shows quote reference, project, vendor, value, VAT, payment/delivery terms."
CAL-001,C07B,"subcontractor agreement","Procurement / commercial / management + subcontractor","Selected specialist subcontractor","Subcontract agreement",UNKNOWN,"Document-based agreement process","Executed/issued subcontract agreement where applicable",PSRC-0001;PSRC-0002,HIGH,"Execution/signature and detailed downstream state machine not yet reconstructed."
CAL-001,C08,"material submittal / client approval","Procurement + Project/technical + consultant/client where applicable","Material/vendor selection or technical requirement","Approval / resubmission evidence","External reviewer/approver",UNKNOWN,"External approval record",PSRC-0001;PSRC-0002,HIGH,"Process existence evidenced; placement before/after award is variant/unknown."
CAL-001,C09,"delivery follow-up","Procurement + supplier + Projects/site","Issued commitment + required date","Delivery occurrence / delivery documents",NONE_OBSERVED,"FirstBit delivery tracking + supplier/site coordination","Delivery record / document",PSRC-0002,HIGH,"Detailed partial/late/damaged delivery state model not observed."
CAL-001,C10,GRN,"Site/project + procurement/accounts interface","Delivered/accepted goods","GRN",UNKNOWN,"FirstBit / receipt process",GRN,PSRC-0001;PSRC-0002,HIGH,"Goods-receipt path evidenced; subcontract progress is separate and unresolved."
CAL-001,C11,"invoice / Accounts handoff","Accounts + Procurement/site","LPO/PO + GRN + supplier invoice","3-way-match / payable processing",UNKNOWN,"FirstBit + Accounts","Accounts/ERP matching process",PSRC-0001;PSRC-0002,HIGH,"Exact invoice/payment field authority and payable states not yet reconstructed."
