ref_id,provider,source_type,title,url,pattern_scope,status,notes
SREF-0001,Procore,OFFICIAL_PRODUCT_DOC,"Bidding / Enhanced Bid Management","https://support.procore.com/products/online/user-guide/project-level/bidding","bid packages; bidder management; bid forms; leveling; award",SECONDARY_REFERENCE,"Official product documentation; not primary contractor evidence."
SREF-0002,Procore,OFFICIAL_PRODUCT_DOC,"Award a Bid and Convert it to a Subcontract or Purchase Order","https://support.procore.com/products/online/user-guide/project-level/bidding/tutorials/award-a-bid-and-convert-it-to-a-subcontract-or-purchase-order","award; original vs leveled bid; PO/subcontract conversion",SECONDARY_REFERENCE,"Supports award-to-commitment handoff mechanics."
SREF-0003,Procore,OFFICIAL_PRODUCT_DOC,"Commitments Tool","https://support.procore.com/products/online/financial-management-user-guides/specialty-contractor-financial-management-user-guide/Commitments_Tool","PO/subcontract commitments; configuration; retainage",SECONDARY_REFERENCE,"Supports common commitment family with subtype behavior."
SREF-0004,Autodesk BuildingConnected,OFFICIAL_PRODUCT_PAGE,"BuildingConnected","https://old.construction.autodesk.com/products/buildingconnected/","bid forms; bid leveling; qualification; bidder network",SECONDARY_REFERENCE,"Official product page; terminology remains non-canonical."
SREF-0005,Autodesk BuildingConnected,OFFICIAL_PRODUCT_TOUR,"BuildingConnected Pro Product Tour","https://construction.autodesk.com/product-tour/buildingconnected-pro-product-tour/","centralized bids; side-by-side comparison; qualification/risk",SECONDARY_REFERENCE,"Official guided tour/video page."
SREF-0006,Oracle Primavera Unifier,OFFICIAL_PRODUCT_DOC,"How Cost Transactions Work in Unifier","https://docs.oracle.com/en/industries/construction-engineering/primavera-unifier/26/udesigner/howcosttransactionsworkinunifier-77655a.html","base commit; SOV; change commit; spends/payment application; cost rollup",SECONDARY_REFERENCE,"Strong mechanism reference for commercial cost flow."
SREF-0007,Oracle Primavera Unifier,OFFICIAL_PRODUCT_DOC,"Cost Sheet","https://docs.oracle.com/en/industries/construction-engineering/primavera-unifier/26/managers/costsheet-10298362a.html","CBS/cost codes; budget/cost data sources; transaction rollups",SECONDARY_REFERENCE,"Supports cost attribution/projection mechanics."
SREF-0008,CMiC,OFFICIAL_PRODUCT_DOC,"Purchase Order - R12","https://docs.cmicglobal.com/portal/Content/E_Reference_Material/PO_-_Purchase_Order/Reference/Overview/Purchase_Order_R12.htm","PO approvals; committed cost; compliance holds; receipts; line matching",SECONDARY_REFERENCE,"Strong construction ERP mechanism reference."
SREF-0009,CMiC,OFFICIAL_PRODUCT_DOC,"Purchase Order - Module Interactions","https://docs.cmicglobal.com/portal/Content/E_Reference_Material/PO_-_Purchase_Order/Reference/Overview/Module_Interactions.htm","approved requisition→PO; PO vs subcontract distinction",SECONDARY_REFERENCE,"Useful for demand/commitment subtype boundaries."
SREF-0010,CMiC,OFFICIAL_PRODUCT_DOC,"Subcontract Management Functionality","https://docs.cmicglobal.com/portal/Content/E_Reference_Material/SC_-_Subcontract_Management/Reference/Overview/Functionality.htm","SOV; changes; RFP; approvals; retainage; pay-when-paid; compliance",SECONDARY_REFERENCE,"Strong downstream subcontract administration reference."
SREF-0011,CMiC,OFFICIAL_PRODUCT_DOC,"CMiC Field - Request For Payment","https://docs.cmicglobal.com/portal/Content/E_Reference_Material/CMiC_Field/Reference/Budget___Cost_Management/Request_For_Payment.htm","progress; retainage; advance/amortization; approval",SECONDARY_REFERENCE,"Supports valuation/retention/advance reference mechanics."
SREF-0012,ProcurePro,OFFICIAL_PRODUCT_PAGE,"Digital Procurement Schedule for Construction","https://procurepro.co/solutions/procurement-schedule","milestones; lead times; event-driven procurement schedule/status",SECONDARY_REFERENCE,"Supports derived schedule/status pattern."
