adr_id,title,status,context,decision,alternatives,reasons,consequences,evidence_ids,date_decided,supersedes,evidence_basis
ADR-0001,Adopt audited Phase 1 execution sequence,ACCEPTED,,Use the frozen P1.0–P1.11 roadmap from control and beachhead through final no-invention validation.,,,v0.1 sequence is superseded; its domain content remains provisional evidence.,"EVD-0001,EVD-0002,EVD-0003,EVD-0004",2026-07-28,v0.1 P1.0-P1.12 sequence,INTERNAL_PRINCIPLE
ADR-0002,"Treat cost ledger as commercial event substrate, not presumed full GL",ACCEPTED,,Use one canonical commercial effect/event substrate sufficient for product balances; do not presume a full GL.,,,P07 owns product commercial effects; ERP retains configured accounting/AP/cash authority.,EVD-0002,2026-07-28,,INTERNAL_PRINCIPLE
ADR-0003,Procurement structural root,ACCEPTED,,Use a polycentric graph: requirement source → RequirementAllocation → optional package → sourcing → AwardDecision → handoff or Commitment; no universal root.,,,Navigation may project across identities but cannot create a root.,"EVD-0004,EVD-0169,EVD-0190,EVD-0195",2026-07-31,,P1_5_DUAL_MODEL_HOSTILE_AUDIT
ADR-0004,PO and Subcontract type model,ACCEPTED,,"Use one semantic Commitment core with bounded kinds/profiles; keep ScopeBasis, ValuationBasis and CapabilityProfile distinct; use one CommercialEffectVector algebra.",,,New mechanisms require prospective controlled extension.,"EVD-0134,EVD-0191",2026-07-31,,P1_5_DUAL_MODEL_HOSTILE_AUDIT
ADR-0005,Accounting and commercial ownership seam,ACCEPTED,,"Product owns activated procurement/commercial truth; external accounting owns configured AP/liability, payment/cash, GL close and accounting postings; no co-master.",,,"Certification, posting and payment remain distinct and reconciled.","EVD-0024,EVD-0184,EVD-0187",2026-07-30,,P1_4_DUAL_MODEL_HOSTILE_AUDIT
ADR-0006,V1 ERP/accounting integration depth,ACCEPTED,,"Mandatory native/manual A0–A3, structured-file and provider-neutral internal integration/email substrate; named/deep connectors are optional evidence-driven activations.",,,"At least one conforming email adapter is selected for deployment, but no named connector is required before first tender.","EVD-0015,EVD-0024,EVD-0174,EVD-0196",2026-08-01,,P1_7_DUAL_MODEL_HOSTILE_AUDIT
ADR-0007,Long-lead tracking object model,ACCEPTED,,Use thin milestone instances anchored to existing requirement/package/tender/award/Commitment/component/external lineage; no universal TrackedItem.,,,Required/planned/forecast/confirmed/actual remain distinct.,,2026-07-31,,P1_5_DUAL_MODEL_HOSTILE_AUDIT
ADR-0008,Workflow engine generality in V1,ACCEPTED,,Use bounded product-defined approval/control primitives; workflow outcomes feed deterministic domain commands and never write truth.,,,"Tenant-authored state machines, effects and expressions are prohibited.","EVD-0011,EVD-0173,EVD-0188,EVD-0189,EVD-0197",2026-07-31,,P1_5_DUAL_MODEL_HOSTILE_AUDIT
ADR-0009,Configuration breadth in V1,ACCEPTED,,"Use constrained typed versioned auditable product-supported configuration; no arbitrary formulas, events, states or capability graphs.",,,New semantic members require architecture change.,EVD-0189,2026-07-31,,P1_5_DUAL_MODEL_HOSTILE_AUDIT
ADR-0010,GCC commercial semantics versus late localization,PROPOSED,,"Common semantic seams are frozen; exact UAE/GCC rates, statutory timing, legal defaults, formalities and retention remain evidence-driven.",,,Later evidence may populate bounded policies but cannot redefine frozen effects.,,,,P1_5_DUAL_MODEL_HOSTILE_AUDIT
ADR-0011,Budget and cost attribution timing,PROPOSED,,Sourcing may precede final coding where policy permits; effective Commitment requires final attribution or governed visible suspense with resolution gates. Detailed mechanics remain later.,,,Detailed task/storage mechanics are non-SPINE refinement.,"EVD-0170,EVD-0182,EVD-0183,EVD-0192",,,P1_5_DUAL_MODEL_HOSTILE_AUDIT
ADR-0012,External vendor identity and access model,ACCEPTED,,Use tenant-private supplier relationships and grants with optional reusable technical authentication; guest/email/account/buyer-capture may coexist; no cross-tenant business profile/grant import.,,,Authentication technology remains physical; business relationships remain tenant-private.,"EVD-0054,EVD-0171,EVD-0181,EVD-0186",2026-07-30,,P1_4_DUAL_MODEL_HOSTILE_AUDIT
ADR-0013,Event-derived procurement status versus manual trackers,ACCEPTED,,REQUIRED/PLANNED/FORECAST/CONFIRMED are versioned planning/observation facts; ACTUAL derives from canonical or authoritative external events.,,,P10 remains a thin expediting overlay.,"EVD-0051,EVD-0052,EVD-0172,EVD-0180",2026-07-31,,P1_5_DUAL_MODEL_HOSTILE_AUDIT
ADR-0014,Document provenance ownership and depth,ACCEPTED,,Use a bounded first-class evidence substrate for product-governed evidence and exact issued versions; external masters remain reference/narrow mirror; disposition preserves identity and meaning.,,,Storage and jurisdictional retention remain physical/legal work.,"EVD-0175,EVD-0185,EVD-0187",2026-07-30,,P1_4_DUAL_MODEL_HOSTILE_AUDIT
ADR-0015,Posting finalization reversal and correction semantics,ACCEPTED,,"Use immutable typed effects with non-economic amendment, reverse/replace, forward adjustment, source reversal, reclassification and integration-only correction; no economic in-place rewrite.",,,Period/integration policy selects permitted mode without rewriting truth.,"EVD-0002,EVD-0176,EVD-0184,EVD-0192,EVD-0193",2026-07-31,,P1_5_DUAL_MODEL_HOSTILE_AUDIT
ADR-0016,External-party UX priority,ACCEPTED,,"Use a bounded hybrid: secure task link and email/file minimum, governed buyer-on-behalf fallback, optional tenant-scoped workspace, product-owned field/schema grammar, exact receipt/disposition and no network/profile.",,,Primary supplier UX evidence remains mandatory before non-throwaway build.,"EVD-0177,EVD-0181,EVD-0186",2026-08-01,,P1_9_DUAL_MODEL_HOSTILE_AUDIT
ADR-0017,AI-readiness deterministic substrate,ACCEPTED,,"AI is optional replaceable proposal/orchestration over provenance, registered operations, reports and confirmation; AI-off/manual A0–A3 remains complete.",,,Product-owned capability registry and isolation/evaluation/authority limits are mandatory.,EVD-0178,2026-08-01,,P1_10_DUAL_MODEL_HOSTILE_AUDIT
ADR-0018,Workflow-to-financial-state seam,ACCEPTED,,Workflow/approval outcomes may authorize a bounded domain command but never become commercial/accounting truth.,,,All financial changes route through domain operations.,"EVD-0188,EVD-0194,EVD-0197",2026-07-30,,P1_4_DUAL_MODEL_HOSTILE_AUDIT
ADR-0019,Effective dating and temporal authority semantics,ACCEPTED,,"Preserve immutable identity/recorded time, material effective time/period, governing versions and correction lineage; historical interpretation uses bound versions.",,,Physical storage remains implementation choice.,EVD-0193,2026-07-31,,P1_5_DUAL_MODEL_HOSTILE_AUDIT
ADR-0020,Configuration binding for in-flight instances,ACCEPTED,,Bind load-bearing policy/config versions; check current security for new actions; change requires governed migration/re-evaluation.,,,No silent rebinding.,EVD-0189,2026-07-30,,P1_4_DUAL_MODEL_HOSTILE_AUDIT
ADR-0021,Field-level integration authority and staleness,ACCEPTED,,"Use fact/event-grain OWN/MIRROR/REFERENCE/OUT, one writer per period, visible freshness/conflict and governed cutover.",,,Connector is never authority.,"EVD-0024,EVD-0187,EVD-0196",2026-07-30,,P1_4_DUAL_MODEL_HOSTILE_AUDIT
ADR-0022,Money representation rounding and calculation order,ACCEPTED,,"Use exact decimal money and versioned calculation policy with ordered stages, purpose-specific FX/tax and correction.",,,Physical numeric/storage library remains later.,,2026-07-31,,P1_5_DUAL_MODEL_HOSTILE_AUDIT
ADR-0023,Numbering under concurrency retries and fiscal rules,ACCEPTED,,Separate immutable internal identity from versioned display-number policy; use idempotency and atomic invariants.,,,No universal gapless promise without evidence.,,2026-07-31,,P1_5_DUAL_MODEL_HOSTILE_AUDIT
ADR-0024,Adopt two irreversible pre-model substrate constraints,ACCEPTED,,Every significant truth supports source/version/location provenance; every state change is a bounded domain/service action.,,,Does not assume AI success.,"EVD-0198,EVD-0199",2026-07-28,,INTERNAL_PRINCIPLE
ADR-0025,Data residency region declaration and governed migration,ACCEPTED,,Declare tenant primary residency categories and govern region migration/in-flight/copy disposition; classify every later processing path.,,,No UAE/GCC localization claim is made.,,2026-07-30,,P1_4_DUAL_MODEL_HOSTILE_AUDIT
ADR-0026,Cross-tenant data isolation and shared-learning boundary,ACCEPTED,,"Tenant business data must not influence another tenant by default across retrieval, embeddings, memory, evaluation, training or providers; shared executable infrastructure is allowed with scoped context.",,,Future shared-learning mode requires separate governance and honest withdrawal.,,2026-07-30,,P1_4_DUAL_MODEL_HOSTILE_AUDIT
ADR-0027,Evidence identity version content-integrity and reconstruction-anchor model,ACCEPTED,,Separate record/version/content integrity/source/capture/location/binding/reliance; require reconstruction anchor or permitted immutable capture.,,,Physical storage/indexing remains later.,,2026-08-01,,P1_6_DUAL_MODEL_HOSTILE_AUDIT
ADR-0028,Communication transmittal delivery acknowledgment and domain-effect boundary,ACCEPTED,,Keep communication facts distinct; frozen satisfaction rule creates canonical snapshot; owning domain establishes one effect once; later evidence cannot silently reverse/retime it.,,,Consequence changes require owning-domain correction.,,2026-08-01,,P1_6_DUAL_MODEL_HOSTILE_AUDIT
ADR-0029,Capability-neutral bounded interface substrate,ACCEPTED,,"Use one OperationRegistry with QUERY/PROPOSAL/COMMAND/ASYNC_OPERATION, governed capability lifecycle, authorization-filtered tools and no raw mutation.",,,Manual deterministic fallback is mandatory.,,2026-08-01,,P1_7_DUAL_MODEL_HOSTILE_AUDIT
ADR-0030,Domain integration event and immutable publication-recovery boundary,ACCEPTED,,"Separate domain/integration/transport/observation; bind immutable PublicationIntent with original source, mapping, disclosure and target; new semantics create new publication/operation.",,,Physical outbox/broker remains later.,,2026-08-01,,P1_7_DUAL_MODEL_HOSTILE_AUDIT
ADR-0031,Connector execution authority effect uncertainty and conformance,ACCEPTED,,"Use closed authority modes, fact-grain mapping and seven effect stages; positive proof required for no effect; indeterminate blocks retry/rebind and permits reconciliation/manual/block only.",,,Unresolved positions may close operationally without asserting no effect.,,2026-08-01,,P1_7_DUAL_MODEL_HOSTILE_AUDIT
ADR-0032,Migration truth provenance and limitation,ACCEPTED,,"Use explicit migration classes, immutable manifests and domain acceptance profiles; no direct state/balance assignment; block or import as reference-limited where insufficient.",,,Physical ETL remains later.,,2026-08-01,,P1_7_DUAL_MODEL_HOSTILE_AUDIT
ADR-0033,Metric semantic authority and partial-population grammar,ACCEPTED,,Use immutable versioned metric grammar with source/grain/contribution/population/time/quality/access and one closed partial-population treatment; controlled operator registry only.,,,Unknown population cannot become a point subtotal.,,2026-08-01,,P1_8_DUAL_MODEL_HOSTILE_AUDIT
ADR-0034,Projection report snapshot restatement use and reliance,ACCEPTED,,Separate definitions/executions/results/snapshots/artifacts/issues/restatements; issued snapshots immutable; current reliance reassessed separately from issue-time eligibility.,,,Forwarded copies carry status/restatement context; recall not promised.,,2026-08-01,,P1_8_DUAL_MODEL_HOSTILE_AUDIT
ADR-0035,Time status actual and forecast reporting semantics,ACCEPTED,,Use explicit time bases and REQUIRED/PLANNED/FORECAST/CONFIRMED/ACTUAL/SCENARIO/TARGET; generic ACTUAL invalid; physical/certified/posted/paid distinct.,,,Unlike actual families are not summed/substituted.,,2026-08-01,,P1_8_DUAL_MODEL_HOSTILE_AUDIT
ADR-0036,Result quality materiality and decision-use eligibility,ACCEPTED,,"Use full quality vector and per-use disposition, versioned materiality policy and report-use composition; subset results cannot support commercial approval/external/audit use.",,,Missing policy blocks load-bearing use.,,2026-08-01,,P1_8_DUAL_MODEL_HOSTILE_AUDIT
ADR-0037,Contribution comparability and partial-population aggregation,ACCEPTED,,"Use occurrence/lineage/conservation identities, additivity declaration and target-scope quality/population/comparability rule; restricted members never redefine denominator.",,,Cross-tenant aggregation/influence remains OUT.,,2026-08-01,,P1_8_DUAL_MODEL_HOSTILE_AUDIT
ADR-0038,Operation interaction continuation bulk and typed outcome,ACCEPTED,,"Bind every affordance to an interaction class and registered operation; require exact preview/principal confirmation, retrievable pre-transmission continuation, typed outcome and four bulk modes.",,,No blind retry or false external atomicity.,,2026-08-01,,P1_9_DUAL_MODEL_HOSTILE_AUDIT
ADR-0039,Work context navigation and no second root,ACCEPTED,,"Use polycentric work context linking canonical subjects; tasks, queues and saved views are derived and cannot write state.",,,Every action remains operation-owned.,,2026-08-01,,P1_9_DUAL_MODEL_HOSTILE_AUDIT
ADR-0040,Load-bearing disclosure history and reliance interaction,ACCEPTED,,"Use load-bearing disclosure bundle, mandatory placement profiles and parity manifest; distinguish current/issued/restated and current reliance; receipts include disposition/non-meaning.",,,Surfaces unable to preserve meaning are prohibited.,,2026-08-01,,P1_9_DUAL_MODEL_HOSTILE_AUDIT
ADR-0041,Safe recovery accessibility localization and conventional-chat coexistence,ACCEPTED,,"Use typed recovery, no generic retry under possible effect, WCAG 2.2 AA target, mobile/RTL/locale semantics and complete conventional equivalents for chat/AI.",,,Physical UI/test tooling remains later.,,2026-08-01,,P1_9_DUAL_MODEL_HOSTILE_AUDIT
ADR-0042,Measurable workload performance and NFR conformance,ACCEPTED,,Every NFR binds workload/SLI/population/window/threshold/criticality/evidence and closed conformance; missing telemetry cannot improve claims; lower envelopes are prospective and contract-aware.,,,C0 cannot be waived or lowered.,,2026-08-01,,P1_10_DUAL_MODEL_HOSTILE_AUDIT
ADR-0043,Availability durability continuity reliability and degradation,ACCEPTED,,"Use semantic RPO 0 for acknowledged critical records, four durability proofs, capability RTO/RPO, tested restore, typed retry/effect uncertainty and deterministic degradation order.",,,AI and optional features degrade before A0–A3.,,2026-08-01,,P1_10_DUAL_MODEL_HOSTILE_AUDIT
ADR-0044,Observability security privacy residency lifecycle data and resource residual,ACCEPTED,,Separate telemetry from truth; apply measurable security/privacy/residency/lifecycle to primary and derived copies; finite file/import/export/quota/deployment contracts; no generic platform scope.,,,Physical vendors/tools remain later.,,2026-08-01,,P1_10_DUAL_MODEL_HOSTILE_AUDIT
ADR-0045,Product-owned AI run proposal provenance context abstention and evaluation grammar,ACCEPTED,,Product-authored capability/run/prompt/source/context/evaluation/resource grammar; exact provenance; context population dispositions; proposal freshness; statistically sufficient evaluation; abstention.,,,Only current SUFFICIENT_PASS activates.,,2026-08-01,,P1_10_DUAL_MODEL_HOSTILE_AUDIT
ADR-0046,Product-owned bounded agent authority tool use and human-confirmed command,ACCEPTED,,"Use product capability/tool/authority registry, narrower-only tenant profile with monotonicity proof, L0–L6 with no generative L6, exact same-principal L5 digest and intersection-only sub-agents.",,,Effect-indeterminate pauses continuation.,,2026-08-01,,P1_10_DUAL_MODEL_HOSTILE_AUDIT
ADR-0047,Tenant-isolated retrieval memory provider replacement and AI-off,ACCEPTED,,Scope prompts/retrieval/embeddings/cache/memory/evaluation/provider files by tenant/context/purpose/residency; independent profile evaluation; no provider training/cross-tenant influence; AI-off path complete.,,,Provider disappearance cannot block A0–A3.,,2026-08-01,,P1_10_DUAL_MODEL_HOSTILE_AUDIT
ADR-0048,Ordered architecture-to-evidence build pilot and commercial falsification gate,ACCEPTED,,"Order architecture closure, contractor/supplier evidence, prototype comprehension, deterministic thin slice, P07 feasibility, NFR, AI, pilot and commercial decisions; evidence can revise/kill hypotheses.",,,Architecture PASS is never market/product/commercial validation.,,2026-08-01,,P1_10_DUAL_MODEL_HOSTILE_AUDIT