assumption_id,assumption,load_bearing_reason,falsification_test,blocks,evidence_ids,source_ids,status,decision_target_phase,notes
ASM-0001,Procurement Package should be the structural root of all procurement/commercial activity.,"Determines parent-child graph for requisitions tenders bids commitments and reporting.",Primary evidence shows material/repeat/call-off procurement is common and naturally independent of packages.,P1.5 entity model,"EVD-0004,EVD-0005","SRC-0001,SRC-0002",OPEN,P1.5a,Must be tested against both package-led and item/requisition-led contractors.
ASM-0002,Purchase Order and Subcontract require distinct top-level entity types.,"Affects duplicated workflow changes compliance reporting and payment models.",A unified Commitment entity with valuation strategy cleanly represents both without semantic leakage.,P1.5 entity/lifecycle model,,"SRC-0001,SRC-0002",OPEN,P1.5a,Compare inheritance/composition/unified-type options.
ASM-0003,The product should own invoice/payment commercial controls while accounting GL/AP may remain external.,Defines highest-risk system-of-record seam and payment/retention authority.,"Beachhead workflow requires accounting platform to remain authoritative for certification/balances making product ownership duplicative.","P1.4 accounting seam,P1.5b ledger",EVD-0002,"SRC-0001,SRC-0002",OPEN,P1.4,
ASM-0004,Deep ERP/accounting integration is mandatory for V1.,Could make at least one connector a SPINE requirement and materially expand build/implementation burden.,Beachhead customers can operate viable procurement/commercial workflow with import/export or lightweight reconciliation first.,"P1.1 scope,P1.4 boundary,P1.7",EVD-0010,"SRC-0001,SRC-0002",OPEN,P1.1/P1.4,
ASM-0005,Long-lead control should use an independent TrackedItem entity.,"Controls cardinality between package commitment lines submittals shipments and deliveries.",Real cases fit more naturally as milestone instances attached to existing commercial/material objects.,"P1.5a,P1.5c",,"SRC-0001,SRC-0002",OPEN,P1.5a,
ASM-0006,A fully general workflow/approval engine belongs in V1.,Potential multi-month platform subsystem and large testing/configuration burden.,Beachhead workflows can be covered by a constrained rule set such as sequential parallel value-threshold and delegation.,"P1.1 scope,P1.5d",EVD-0009,"SRC-0001,SRC-0002",OPEN,P1.1,
ASM-0007,Broad configuration and custom-field capability should exist in V1.,"Configuration multiplies build onboarding support and migration complexity.",Implementation-burden budget is violated and fixed standards cover most beachhead variance.,"P1.1 scope,P1.5,P1.9",,"SRC-0001,SRC-0002",OPEN,P1.1,
ASM-0008,GCC requirements are mostly a late localization concern.,"Tax timing retention guarantees payment practices and FIDIC-derived structures may shape the core ledger/schema.",Primary GCC workflows show these affect core transaction/financial semantics.,P1.5b,,"SRC-0001,SRC-0002",OPEN,P1.2/P1.5b,Presentation language/date formatting remains late; commercial semantics do not.
ASM-0009,Budget/cost-code structure must exist before procurement begins.,May force all sourcing/commitment objects to require prior financial attribution and affects rapid/ad-hoc purchasing.,Real workflows show valid procurement begins before budget/cost coding and is allocated later under controlled rules.,P1.5a/P1.5b,EVD-0006,SRC-0001,OPEN,P1.2/P1.5,Derived from old §3; not accepted.
ASM-0010,Vendor participation must be low-friction and heavyweight portal accounts materially reduce response/adoption.,"Affects external identity tender submission communications and vendor UX architecture.",Primary evidence shows vendors routinely use authenticated portals without meaningful response loss in beachhead segment.,"P1.4 identity,P1.9 vendor UX",EVD-0007,SRC-0001,OPEN,P1.2/P1.4,Derived from old §3; not accepted.
ASM-0011,Parallel human-maintained procurement trackers are a major failure mode and statuses should derive from transaction events where possible.,Supports event-derived schedule/status architecture and limits duplicate manual fields.,Primary workflows show separate trackers remain necessary for information not representable by transaction state or are preferred for legitimate reasons.,"P1.5c,P1.8",EVD-0008,SRC-0001,OPEN,P1.2/P1.5,Derived from old §3; not accepted.
ASM-0012,Document provenance is a core commercial architecture requirement.,Shapes document/evidence model and AI provenance constraint.,"Beachhead workflows and disputes do not materially depend on versioned source evidence or external CDE can fully own this responsibility.","P1.4 ownership,P1.6",EVD-0011,SRC-0001,OPEN,P1.2/P1.4/P1.6,REQ-0001 remains proposed until evidence/ADR acceptance.
ASM-0013,Financial/commercial objects require explicit posting/finalization and reversal semantics.,"Shapes ledger state machines audit and accounting reconciliation.",A simpler immutable-version model covers all beachhead financial corrections without posting concepts.,P1.5b/P1.5c,EVD-0012,"SRC-0001,SRC-0002",OPEN,P1.5,Likely but still to be formally designed.
ASM-0014,External-party UX is as important as internal employee UX for product adoption.,"Could justify guest/magic-link workflows email ingestion and reduced portal friction.",Beachhead contractors have enough leverage/process discipline that supplier portal friction does not materially affect response/completeness.,"P1.4,P1.9",EVD-0013,SRC-0001,OPEN,P1.2/P1.4,Derived from old §3; not accepted.
ASM-0015,AI competition requires agent-ready deterministic architecture from inception.,Justifies bounded actions/provenance constraints before AI work.,"Agent-readiness constraints materially inflate deterministic product without realistic future value or can be added later without rearchitecture.",P1.5 entry constraints,EVD-0014,SRC-0001,OPEN,P1.10/ADR review,Only low-cost irreversible constraints may be adopted early.
