evidence_id,claim,source_ids,grade,confidence,status,related_sections,related_req_ids,notes
EVD-0001,"The v0.1 Phase 1 process sequence attempted to freeze domain model state machines financial architecture and approvals sequentially.","SRC-0001,SRC-0002",N/A,HIGH,SUPPORTED,"old P1.3-P1.6",,"Internal structural fact used to justify roadmap redesign."
EVD-0002,"v0.1 specified many derived commercial balances but lacked an explicit canonical commercial financial-event/ledger model.","SRC-0001,SRC-0002",N/A,HIGH,SUPPORTED,"v0.1 §8; audit B1",REQ-0003,"Internal architecture gap; external accounting design remains open."
EVD-0003,"v0.1 did not contain an explicit V1 release-boundary workstream.","SRC-0001,SRC-0002",N/A,HIGH,SUPPORTED,"audit B3",,"Reason for new P1.1."
EVD-0004,"The v0.1 product graph treated Procurement Package as structural root before primary workflow evidence existed.","SRC-0001,SRC-0002",N/A,HIGH,SUPPORTED,"v0.1 §61; audit B4/F1",,"Package-root idea demoted to assumption."
EVD-0005,"Package is a first-class object; construction procurement is not just material requisitions and POs.",SRC-0001,N/A,LOW,CONTESTED,"v0.1 §3",,"DEMOTED TO HYPOTHESIS ASM-0001; must be re-derived from graded evidence."
EVD-0006,"Budget/cost-code structure must exist before procurement and every commitment needs prior financial attribution.",SRC-0001,N/A,LOW,CONTESTED,"v0.1 §3",,"DEMOTED TO HYPOTHESIS ASM-0009."
EVD-0007,"Vendor participation must be low-friction and heavyweight portals can create adoption failure.",SRC-0001,N/A,LOW,CONTESTED,"v0.1 §3",,"DEMOTED TO HYPOTHESIS ASM-0010."
EVD-0008,"Human-maintained parallel trackers are a major failure mode and status should derive from transaction state where possible.",SRC-0001,N/A,LOW,CONTESTED,"v0.1 §3",,"DEMOTED TO HYPOTHESIS ASM-0011."
EVD-0009,"Approval workflows should be shared platform infrastructure rather than isolated module features.",SRC-0001,N/A,LOW,CONTESTED,"v0.1 §3",,"DEMOTED TO HYPOTHESIS ASM-0006."
EVD-0010,"ERP/accounting integration is existential and duplicate financial entry can cause rejection or partial adoption.",SRC-0001,N/A,LOW,CONTESTED,"v0.1 §3",,"DEMOTED TO HYPOTHESIS ASM-0004."
EVD-0011,"Document provenance is core because construction disagreements frequently become evidence disputes.",SRC-0001,N/A,LOW,CONTESTED,"v0.1 §3",REQ-0001,"DEMOTED TO HYPOTHESIS ASM-0012."
EVD-0012,"Posting/finalization rules matter and financial objects need controlled transitions rather than silent edits.",SRC-0001,N/A,LOW,CONTESTED,"v0.1 §3",,"DEMOTED TO HYPOTHESIS ASM-0013."
EVD-0013,"External-party UX is as important as employee UX because vendors/subcontractors are unwilling participants in contractor software.",SRC-0001,N/A,LOW,CONTESTED,"v0.1 §3",,"DEMOTED TO HYPOTHESIS ASM-0014."
EVD-0014,"AI competitors are moving fast and deterministic architecture should be agent-ready from inception.",SRC-0001,N/A,LOW,CONTESTED,"v0.1 §3",REQ-0002,"DEMOTED TO HYPOTHESIS ASM-0015."
