source_id,title,url_or_file,source_type,publisher,published_or_updated_date,version_or_release,date_accessed,archived_ref,grade,verification_status,scope,notes
SRC-0001,Construction Procurement OS Phase 1 Architecture Intelligence Map v0.1,02_research/sources/internal/SRC-0001_MANIFEST.md,internal_project,project,2026-07-28,v0.1,2026-07-28,sha256:39ecd0cf58bcdf262c161a02422431723dd9d0685be2aa90f351386b7950defe,N/A,AVAILABLE,v0.1 domain map and first-pass competitor intelligence,Immutable historical input archived in ordered GitHub chunks; not current architecture truth.
SRC-0002,Phase 1 Structure Audit v1,02_research/sources/internal/SRC-0002_MANIFEST.md,internal_architecture_audit,external model audit,2026-07-28,v1,2026-07-28,sha256:4b75d775416950aa592dc52937ecddbe11b5c83cfa267074296886c0c7ed93c1,N/A,AVAILABLE,Phase 1 process architecture,Immutable historical audit input archived in ordered GitHub chunks; judgments remain D-grade unless accepted by ADR.
SRC-0003,ProcurePro official site,https://procurepro.co/,vendor_official,ProcurePro,,,2026-07-28,,B,PENDING_REVIEW,construction procurement platform overview,Seed from v0.1 source library.
SRC-0004,Procore Tender Management,https://www.procore.com/en-ae/tender-management,vendor_official,Procore,,,2026-07-28,,B,PENDING_REVIEW,tender/bid management,Seed from v0.1 source library.
SRC-0005,Procore Bidding User Guide,https://support.procore.com/products/online/user-guide/project-level/bidding,vendor_help,Procore,,,2026-07-28,,A,VERIFIED,bidding workflow/object mechanics,Reviewed in A2 batch 01; exact sub-pages registered separately where needed.
SRC-0006,Procore Company Workflows User Guide,https://support.procore.com/products/online/user-guide/company-level/workflows,vendor_help,Procore,,,2026-07-28,,A,VERIFIED,workflow/approval mechanics,Reviewed in A2 batch 01; exact sub-pages registered separately where needed.
SRC-0007,Oracle Aconex official product page,https://www.oracle.com/construction-engineering/aconex/,vendor_official,Oracle,,,2026-07-28,,B,PENDING_REVIEW,"CDE workflows tender/document controls",Seed.
SRC-0008,Primavera Unifier 26 documentation,https://docs.oracle.com/en/industries/construction-engineering/primavera-unifier/26/,vendor_docs,Oracle,,26,2026-07-28,,A,PENDING_REVIEW,configurable business processes and cost controls,Seed.
SRC-0009,CMiC Bidding and Procurement,https://www.cmicglobal.ae/products/project-management/bidding-and-procurement,vendor_official,CMiC,,,2026-07-28,,B,PENDING_REVIEW,construction ERP procurement,Seed; public technical documentation should be separately registered.
SRC-0010,Trimble Viewpoint Construction Procurement,https://www.viewpoint.com/solutions/construction-job-costing-software/construction-procurement,vendor_official,Trimble,,,2026-07-28,,B,PENDING_REVIEW,construction ERP/procurement,Seed.
SRC-0011,Autodesk Construction Cloud / Cost Management official documentation set,Autodesk Build Cost Management help / Autodesk Platform Services,vendor_docs,Autodesk,,,2026-07-28,,A,PENDING_REVIEW,"cost management bidding APIs UI mechanics",Seed reference from v0.1; exact pages to be split into individual sources during verification.
SRC-0012,SAP Ariba Supplier Management / Sourcing official documentation set,SAP Ariba official product/API documentation,vendor_docs,SAP,,,2026-07-28,,A,PENDING_REVIEW,"supplier qualification sourcing approvals",Seed reference from v0.1; exact pages pending.
SRC-0013,Level Bids for a Bid Form,https://support.procore.com/products/online/user-guide/project-level/bidding/tutorials/level-bids-for-a-bid-form,vendor_help,Procore,,,2026-07-28,,A,VERIFIED,bid leveling and conversion,Exact A2 source.
SRC-0014,Set up a Project Directory,https://support.procore.com/products/online/user-guide/project-level/directory/tutorials/set-up-a-project-directory,vendor_help,Procore,,,2026-07-28,,A,VERIFIED,company/project directory model,Exact A2 source.
SRC-0015,Add Bidders to a Bid Form,https://support.procore.com/products/online/user-guide/project-level/bidding/tutorials/add-bidders-to-a-bid-form,vendor_help,Procore,,,2026-07-28,,A,VERIFIED,directory-to-bidding linkage,Exact A2 source.
SRC-0016,Commitments,https://support.procore.com/products/online/user-guide/project-level/commitments,vendor_help,Procore,,,2026-07-28,,A,VERIFIED,purchase orders subcontracts invoices commitments,Exact A2 source.
SRC-0017,Financial Management User Guide - General Contractor,https://support.procore.com/products/online/financial-management-user-guides/general-contractor-financial-management-user-guide,vendor_help,Procore,2025-04-15,,2026-07-28,,A,VERIFIED,project financials lifecycle,Exact A2 source.
SRC-0018,About Subcontractor Invoices,https://support.procore.com/products/online/user-guide/project-level/invoicing/tutorials/about-subcontractor-invoices,vendor_help,Procore,,,2026-07-28,,A,VERIFIED,downstream payment applications/invoices,Exact A2 source.
SRC-0019,Create Main Contract Payment Applications,https://en-gb.support.procore.com/products/online/user-guide/project-level/prime-contracts/tutorials/create-owner-invoices,vendor_help,Procore,2026-07-20,beta,2026-07-28,,A,VERIFIED,upstream payment applications,Modernized experience beta; used only to prove current payment-application capability exists.
SRC-0020,Change Events,https://support.procore.com/products/online/user-guide/project-level/change-events,vendor_help,Procore,,,2026-07-28,,A,VERIFIED,change management workflow,Exact A2 source.
SRC-0021,ERP Integrations,https://support.procore.com/products/online/user-guide/company-level/erp-integrations,vendor_help,Procore,2026-04-09,,2026-07-28,,A,VERIFIED,ERP connector catalogue and boundary,Exact A2 source.
SRC-0022,QuickBooks Online Integration,https://support.procore.com/products/online/user-guide/company-level/erp-integrations/qbo,vendor_help,Procore,,,2026-07-28,,A,VERIFIED,financial/accounting synchronization example,Exact A2 source.
SRC-0023,What are permissions in Procore and how do they work?,https://support.procore.com/faq/what-are-permissions-in-procore-and-how-do-they-work,vendor_help,Procore,,,2026-07-28,,A,VERIFIED,company/project/general/granular permissions,Exact A2 source.
SRC-0024,Download Procore Android Mobile Application,https://support.procore.com/faq/how-do-i-download-the-procore-android-mobile-application,vendor_help,Procore,2025-03-03,,2026-07-28,,A,VERIFIED,mobile/offline collaboration,Exact A2 source.
SRC-0025,Procore REST API - Projects,https://developers.procore.com/reference/rest/projects?version=latest,vendor_api,Procore,2026-05-04,latest,2026-07-28,,A,VERIFIED,REST API capability,Exact A2 source with 2026 changelog.
SRC-0026,Procore Plans and Pricing,https://www.procore.com/en-ae/pricing,vendor_official,Procore,,,2026-07-28,,B,VERIFIED,pricing model unlimited users connected product suite,Exact A2 source.
SRC-0027,About Saved Views in Document Management,https://support.procore.com/products/online/user-guide/project-level/document-management/tutorials/about-saved-views-in-the-document-management-tool,vendor_help,Procore,,,2026-07-28,,A,VERIFIED,saved views capability,Module/regional scope noted in evidence.
SRC-0028,Change the Ball in Court on a Submittal,https://support.procore.com/products/online/user-guide/project-level/submittals/tutorials/change-the-ball-in-court-on-a-submittal,vendor_help,Procore,,,2026-07-28,,A,VERIFIED,ball-in-court workflow mechanic,Used to test whether old claim incorrectly generalized BIC to custom Workflows.
SRC-0029,Procore Reviews - G2 Pros and Cons,https://www.g2.com/products/procore/reviews?qs=pros-and-cons,user_reviews,G2,,,2026-07-28,,C,VERIFIED,user pain themes pricing learning curve admin overhead notifications,Community/review evidence; not used to prove product mechanics.
