evidence_id,claim,source_ids,source_locator,claim_type,grade,confidence,status,related_sections,related_req_ids,notes
EVD-0091,project/member permissions and external collaboration,SRC-0011,PENDING_A2_EXACT_LOCATOR,PRODUCT_MECHANICS_CLAIM,A,UNKNOWN,PROPOSED,v0.1 §2.3 / Important UI/architecture patterns,,Retro-filed from v0.1 competitor intelligence. Source linkage is provisional and claim is NOT accepted until source is re-opened and verified under P1.0/P1.3.
EVD-0092,some modules are duplicated or fragmented,SRC-0011,PENDING_A2_EXACT_LOCATOR,USER_OR_MARKET_PAIN_CLAIM,A,UNKNOWN,PROPOSED,v0.1 §2.3 / Reported weaknesses,,Retro-filed from v0.1 competitor intelligence. Source linkage is provisional and claim is NOT accepted until source is re-opened and verified under P1.0/P1.3.
EVD-0093,notification overload,SRC-0011,PENDING_A2_EXACT_LOCATOR,USER_OR_MARKET_PAIN_CLAIM,A,UNKNOWN,PROPOSED,v0.1 §2.3 / Reported weaknesses,,Retro-filed from v0.1 competitor intelligence. Source linkage is provisional and claim is NOT accepted until source is re-opened and verified under P1.0/P1.3.
EVD-0094,cost management integration gaps,SRC-0011,PENDING_A2_EXACT_LOCATOR,USER_OR_MARKET_PAIN_CLAIM,A,UNKNOWN,PROPOSED,v0.1 §2.3 / Reported weaknesses,,Retro-filed from v0.1 competitor intelligence. Source linkage is provisional and claim is NOT accepted until source is re-opened and verified under P1.0/P1.3.
EVD-0095,users still build custom CSV/report workarounds,SRC-0011,PENDING_A2_EXACT_LOCATOR,USER_OR_MARKET_PAIN_CLAIM,A,UNKNOWN,PROPOSED,v0.1 §2.3 / Reported weaknesses,,Retro-filed from v0.1 competitor intelligence. Source linkage is provisional and claim is NOT accepted until source is re-opened and verified under P1.0/P1.3.
EVD-0096,large-project drawing navigation can be cumbersome,SRC-0011,PENDING_A2_EXACT_LOCATOR,USER_OR_MARKET_PAIN_CLAIM,A,UNKNOWN,PROPOSED,v0.1 §2.3 / Reported weaknesses,,Retro-filed from v0.1 competitor intelligence. Source linkage is provisional and claim is NOT accepted until source is re-opened and verified under P1.0/P1.3.
EVD-0097,adoption can fail without strong internal controls,SRC-0011,PENDING_A2_EXACT_LOCATOR,USER_OR_MARKET_PAIN_CLAIM,A,UNKNOWN,PROPOSED,v0.1 §2.3 / Reported weaknesses,,Retro-filed from v0.1 competitor intelligence. Source linkage is provisional and claim is NOT accepted until source is re-opened and verified under P1.0/P1.3.
EVD-0098,document/common data environment,SRC-0007,PENDING_A2_EXACT_LOCATOR,PRODUCT_MECHANICS_CLAIM,B,UNKNOWN,PROPOSED,v0.1 §2.4 / Relevant strengths,,Retro-filed from v0.1 competitor intelligence. Source linkage is provisional and claim is NOT accepted until source is re-opened and verified under P1.0/P1.3.
EVD-0099,immutable/auditable project record,SRC-0007,PENDING_A2_EXACT_LOCATOR,PRODUCT_MECHANICS_CLAIM,B,UNKNOWN,PROPOSED,v0.1 §2.4 / Relevant strengths,,Retro-filed from v0.1 competitor intelligence. Source linkage is provisional and claim is NOT accepted until source is re-opened and verified under P1.0/P1.3.
EVD-0100,configurable workflows,SRC-0007,PENDING_A2_EXACT_LOCATOR,PRODUCT_MECHANICS_CLAIM,B,UNKNOWN,PROPOSED,v0.1 §2.4 / Relevant strengths,,Retro-filed from v0.1 competitor intelligence. Source linkage is provisional and claim is NOT accepted until source is re-opened and verified under P1.0/P1.3.
EVD-0101,correspondence/forms,SRC-0007,PENDING_A2_EXACT_LOCATOR,PRODUCT_MECHANICS_CLAIM,B,UNKNOWN,PROPOSED,v0.1 §2.4 / Relevant strengths,,Retro-filed from v0.1 competitor intelligence. Source linkage is provisional and claim is NOT accepted until source is re-opened and verified under P1.0/P1.3.
EVD-0102,tender/bid distribution,SRC-0007,PENDING_A2_EXACT_LOCATOR,PRODUCT_MECHANICS_CLAIM,B,UNKNOWN,PROPOSED,v0.1 §2.4 / Relevant strengths,,Retro-filed from v0.1 competitor intelligence. Source linkage is provisional and claim is NOT accepted until source is re-opened and verified under P1.0/P1.3.
EVD-0103,guest/secure participant access,SRC-0007,PENDING_A2_EXACT_LOCATOR,PRODUCT_MECHANICS_CLAIM,B,UNKNOWN,PROPOSED,v0.1 §2.4 / Relevant strengths,,Retro-filed from v0.1 competitor intelligence. Source linkage is provisional and claim is NOT accepted until source is re-opened and verified under P1.0/P1.3.
EVD-0104,supplier document management,SRC-0007,PENDING_A2_EXACT_LOCATOR,PRODUCT_MECHANICS_CLAIM,B,UNKNOWN,PROPOSED,v0.1 §2.4 / Relevant strengths,,Retro-filed from v0.1 competitor intelligence. Source linkage is provisional and claim is NOT accepted until source is re-opened and verified under P1.0/P1.3.
EVD-0105,contract/change/cost control,SRC-0007,PENDING_A2_EXACT_LOCATOR,PRODUCT_MECHANICS_CLAIM,B,UNKNOWN,PROPOSED,v0.1 §2.4 / Relevant strengths,,Retro-filed from v0.1 competitor intelligence. Source linkage is provisional and claim is NOT accepted until source is re-opened and verified under P1.0/P1.3.
EVD-0106,very strong multi-party project governance,SRC-0007,PENDING_A2_EXACT_LOCATOR,PRODUCT_MECHANICS_CLAIM,B,UNKNOWN,PROPOSED,v0.1 §2.4 / Relevant strengths,,Retro-filed from v0.1 competitor intelligence. Source linkage is provisional and claim is NOT accepted until source is re-opened and verified under P1.0/P1.3.
EVD-0107,project organizations maintain data ownership boundaries,SRC-0007,PENDING_A2_EXACT_LOCATOR,PRODUCT_MECHANICS_CLAIM,B,UNKNOWN,PROPOSED,v0.1 §2.4 / Important patterns,,Retro-filed from v0.1 competitor intelligence. Source linkage is provisional and claim is NOT accepted until source is re-opened and verified under P1.0/P1.3.
EVD-0108,formal document register,SRC-0007,PENDING_A2_EXACT_LOCATOR,PRODUCT_MECHANICS_CLAIM,B,UNKNOWN,PROPOSED,v0.1 §2.4 / Important patterns,,Retro-filed from v0.1 competitor intelligence. Source linkage is provisional and claim is NOT accepted until source is re-opened and verified under P1.0/P1.3.
EVD-0109,secure tender communications,SRC-0007,PENDING_A2_EXACT_LOCATOR,PRODUCT_MECHANICS_CLAIM,B,UNKNOWN,PROPOSED,v0.1 §2.4 / Important patterns,,Retro-filed from v0.1 competitor intelligence. Source linkage is provisional and claim is NOT accepted until source is re-opened and verified under P1.0/P1.3.
EVD-0110,view/response status visibility,SRC-0007,PENDING_A2_EXACT_LOCATOR,PRODUCT_MECHANICS_CLAIM,B,UNKNOWN,PROPOSED,v0.1 §2.4 / Important patterns,,Retro-filed from v0.1 competitor intelligence. Source linkage is provisional and claim is NOT accepted until source is re-opened and verified under P1.0/P1.3.
EVD-0111,supplier documentation packages with automated due dates/status,SRC-0007,PENDING_A2_EXACT_LOCATOR,PRODUCT_MECHANICS_CLAIM,B,UNKNOWN,PROPOSED,v0.1 §2.4 / Important patterns,,Retro-filed from v0.1 competitor intelligence. Source linkage is provisional and claim is NOT accepted until source is re-opened and verified under P1.0/P1.3.
EVD-0112,strong auditability for dispute-heavy environments,SRC-0007,PENDING_A2_EXACT_LOCATOR,PRODUCT_MECHANICS_CLAIM,B,UNKNOWN,PROPOSED,v0.1 §2.4 / Important patterns,,Retro-filed from v0.1 competitor intelligence. Source linkage is provisional and claim is NOT accepted until source is re-opened and verified under P1.0/P1.3.
EVD-0113,enterprise complexity,SRC-0007,PENDING_A2_EXACT_LOCATOR,USER_OR_MARKET_PAIN_CLAIM,B,UNKNOWN,PROPOSED,v0.1 §2.4 / Likely weakness / opportunity,,Retro-filed from v0.1 competitor intelligence. Source linkage is provisional and claim is NOT accepted until source is re-opened and verified under P1.0/P1.3.
EVD-0114,implementation/training burden,SRC-0007,PENDING_A2_EXACT_LOCATOR,USER_OR_MARKET_PAIN_CLAIM,B,UNKNOWN,PROPOSED,v0.1 §2.4 / Likely weakness / opportunity,,Retro-filed from v0.1 competitor intelligence. Source linkage is provisional and claim is NOT accepted until source is re-opened and verified under P1.0/P1.3.
EVD-0115,UI rigidity,SRC-0007,PENDING_A2_EXACT_LOCATOR,USER_OR_MARKET_PAIN_CLAIM,B,UNKNOWN,PROPOSED,v0.1 §2.4 / Likely weakness / opportunity,,Retro-filed from v0.1 competitor intelligence. Source linkage is provisional and claim is NOT accepted until source is re-opened and verified under P1.0/P1.3.
EVD-0116,overspecification for smaller contractors,SRC-0007,PENDING_A2_EXACT_LOCATOR,USER_OR_MARKET_PAIN_CLAIM,B,UNKNOWN,PROPOSED,v0.1 §2.4 / Likely weakness / opportunity,,Retro-filed from v0.1 competitor intelligence. Source linkage is provisional and claim is NOT accepted until source is re-opened and verified under P1.0/P1.3.
EVD-0117,"useful model to copy for audit and document governance, not necessarily UX",SRC-0007,PENDING_A2_EXACT_LOCATOR,USER_OR_MARKET_PAIN_CLAIM,B,UNKNOWN,PROPOSED,v0.1 §2.4 / Likely weakness / opportunity,,Retro-filed from v0.1 competitor intelligence. Source linkage is provisional and claim is NOT accepted until source is re-opened and verified under P1.0/P1.3.
EVD-0118,configurable capital/project business processes,SRC-0008,PENDING_A2_EXACT_LOCATOR,PRODUCT_MECHANICS_CLAIM,A,UNKNOWN,PROPOSED,v0.1 §2.5 / Relevant strengths,,Retro-filed from v0.1 competitor intelligence. Source linkage is provisional and claim is NOT accepted until source is re-opened and verified under P1.0/P1.3.
EVD-0119,cost management/control,SRC-0008,PENDING_A2_EXACT_LOCATOR,PRODUCT_MECHANICS_CLAIM,A,UNKNOWN,PROPOSED,v0.1 §2.5 / Relevant strengths,,Retro-filed from v0.1 competitor intelligence. Source linkage is provisional and claim is NOT accepted until source is re-opened and verified under P1.0/P1.3.
EVD-0120,workflow engine,SRC-0008,PENDING_A2_EXACT_LOCATOR,PRODUCT_MECHANICS_CLAIM,A,UNKNOWN,PROPOSED,v0.1 §2.5 / Relevant strengths,,Retro-filed from v0.1 competitor intelligence. Source linkage is provisional and claim is NOT accepted until source is re-opened and verified under P1.0/P1.3.
EVD-0121,fund management,SRC-0008,PENDING_A2_EXACT_LOCATOR,PRODUCT_MECHANICS_CLAIM,A,UNKNOWN,PROPOSED,v0.1 §2.5 / Relevant strengths,,Retro-filed from v0.1 competitor intelligence. Source linkage is provisional and claim is NOT accepted until source is re-opened and verified under P1.0/P1.3.
EVD-0122,contracts,SRC-0008,PENDING_A2_EXACT_LOCATOR,PRODUCT_MECHANICS_CLAIM,A,UNKNOWN,PROPOSED,v0.1 §2.5 / Relevant strengths,,Retro-filed from v0.1 competitor intelligence. Source linkage is provisional and claim is NOT accepted until source is re-opened and verified under P1.0/P1.3.
EVD-0123,integrations,SRC-0008,PENDING_A2_EXACT_LOCATOR,PRODUCT_MECHANICS_CLAIM,A,UNKNOWN,PROPOSED,v0.1 §2.5 / Relevant strengths,,Retro-filed from v0.1 competitor intelligence. Source linkage is provisional and claim is NOT accepted until source is re-opened and verified under P1.0/P1.3.
EVD-0124,configurable forms and business-process states,SRC-0008,PENDING_A2_EXACT_LOCATOR,PRODUCT_MECHANICS_CLAIM,A,UNKNOWN,PROPOSED,v0.1 §2.5 / Relevant strengths,,Retro-filed from v0.1 competitor intelligence. Source linkage is provisional and claim is NOT accepted until source is re-opened and verified under P1.0/P1.3.
EVD-0125,Unifier is important less as a procurement UX benchmark and more as a **workflow/configuration engine benchmark**:,SRC-0008,PENDING_A2_EXACT_LOCATOR,ARCHITECTURAL_INFERENCE,A,UNKNOWN,PROPOSED,v0.1 §2.5 / Architecture value,,Retro-filed from v0.1 competitor intelligence. Source linkage is provisional and claim is NOT accepted until source is re-opened and verified under P1.0/P1.3.
EVD-0126,typed business processes,SRC-0008,PENDING_A2_EXACT_LOCATOR,ARCHITECTURAL_INFERENCE,A,UNKNOWN,PROPOSED,v0.1 §2.5 / Architecture value,,Retro-filed from v0.1 competitor intelligence. Source linkage is provisional and claim is NOT accepted until source is re-opened and verified under P1.0/P1.3.
EVD-0127,configurable states,SRC-0008,PENDING_A2_EXACT_LOCATOR,ARCHITECTURAL_INFERENCE,A,UNKNOWN,PROPOSED,v0.1 §2.5 / Architecture value,,Retro-filed from v0.1 competitor intelligence. Source linkage is provisional and claim is NOT accepted until source is re-opened and verified under P1.0/P1.3.
EVD-0128,routed approvals,SRC-0008,PENDING_A2_EXACT_LOCATOR,ARCHITECTURAL_INFERENCE,A,UNKNOWN,PROPOSED,v0.1 §2.5 / Architecture value,,Retro-filed from v0.1 competitor intelligence. Source linkage is provisional and claim is NOT accepted until source is re-opened and verified under P1.0/P1.3.
EVD-0129,configurable forms,SRC-0008,PENDING_A2_EXACT_LOCATOR,ARCHITECTURAL_INFERENCE,A,UNKNOWN,PROPOSED,v0.1 §2.5 / Architecture value,,Retro-filed from v0.1 competitor intelligence. Source linkage is provisional and claim is NOT accepted until source is re-opened and verified under P1.0/P1.3.
EVD-0130,project/company shells,SRC-0008,PENDING_A2_EXACT_LOCATOR,ARCHITECTURAL_INFERENCE,A,UNKNOWN,PROPOSED,v0.1 §2.5 / Architecture value,,Retro-filed from v0.1 competitor intelligence. Source linkage is provisional and claim is NOT accepted until source is re-opened and verified under P1.0/P1.3.
EVD-0131,integration services,SRC-0008,PENDING_A2_EXACT_LOCATOR,ARCHITECTURAL_INFERENCE,A,UNKNOWN,PROPOSED,v0.1 §2.5 / Architecture value,,Retro-filed from v0.1 competitor intelligence. Source linkage is provisional and claim is NOT accepted until source is re-opened and verified under P1.0/P1.3.
EVD-0132,CMiC exposes a mature construction ERP data model through public documentation.,SRC-0009,PENDING_A2_EXACT_LOCATOR,PRODUCT_MECHANICS_CLAIM,B,UNKNOWN,PROPOSED,v0.1 §2.6 / Strategic relevance,,Retro-filed from v0.1 competitor intelligence. Source linkage is provisional and claim is NOT accepted until source is re-opened and verified under P1.0/P1.3.
EVD-0133,approved requisition → purchase order,SRC-0009,PENDING_A2_EXACT_LOCATOR,PRODUCT_MECHANICS_CLAIM,B,UNKNOWN,PROPOSED,v0.1 §2.6 / Important patterns observed,,Retro-filed from v0.1 competitor intelligence. Source linkage is provisional and claim is NOT accepted until source is re-opened and verified under P1.0/P1.3.
EVD-0134,PO and subcontract are different commitment types,SRC-0009,PENDING_A2_EXACT_LOCATOR,PRODUCT_MECHANICS_CLAIM,B,UNKNOWN,PROPOSED,v0.1 §2.6 / Important patterns observed,,Retro-filed from v0.1 competitor intelligence. Source linkage is provisional and claim is NOT accepted until source is re-opened and verified under P1.0/P1.3.
EVD-0135,PO may allocate across multiple jobs,SRC-0009,PENDING_A2_EXACT_LOCATOR,PRODUCT_MECHANICS_CLAIM,B,UNKNOWN,PROPOSED,v0.1 §2.6 / Important patterns observed,,Retro-filed from v0.1 competitor intelligence. Source linkage is provisional and claim is NOT accepted until source is re-opened and verified under P1.0/P1.3.
