source_id,competitor,source_type,authority,title,url,used_for,status
P13-SRC-001,ProcurePro,official_product,SECONDARY_REFERENCE_OFFICIAL_PRODUCT,Procurement Schedule,https://procurepro.co/solutions/procurement-schedule,"schedule,milestones,auto-status,long-lead",ACTIVE
P13-SRC-002,ProcurePro,official_product,SECONDARY_REFERENCE_OFFICIAL_PRODUCT,Tenders & Price Breakdowns,https://procurepro.co/solutions/tenders-and-price-breakdowns,"tendering,price breakdowns,supplier friction",ACTIVE
P13-SRC-003,ProcurePro,official_product,SECONDARY_REFERENCE_OFFICIAL_PRODUCT,Comparisons & Recommendations,https://procurepro.co/solutions/comparisons-and-recommendations,"comparison,recommendation,approval,BidLevel",ACTIVE
P13-SRC-004,ProcurePro,official_company,SECONDARY_REFERENCE_OFFICIAL_PRODUCT,About Us,https://procurepro.co/about-us,"adoption/customer milestones",ACTIVE
P13-SRC-005,ProcurePro,official_company,SECONDARY_REFERENCE_OFFICIAL_PRODUCT,2026 capital raise,https://procurepro.co/news/capital-raise-2026,"market expansion,commercial validation",ACTIVE
P13-SRC-006,Procore,official_product,SECONDARY_REFERENCE_OFFICIAL_PRODUCT,Tender Management UAE,https://www.procore.com/en-ae/tender-management,"packages,bid comparison,award,commitment handoff",ACTIVE
P13-SRC-007,Procore,official_help,SECONDARY_REFERENCE_OFFICIAL_PRODUCT,Create a Bid Form,https://support.procore.com/products/online/user-guide/project-level/bidding/tutorials/create-a-bid-form,"response schema,amount/unit/include-exclude,alternates",ACTIVE
P13-SRC-008,Procore,official_help,SECONDARY_REFERENCE_OFFICIAL_PRODUCT,Level Bids for a Bid Form,https://support.procore.com/products/online/user-guide/project-level/bidding/tutorials/level-bids-for-a-bid-form,"leveling,missing/excluded,private lines,edits,history",ACTIVE
P13-SRC-009,Procore,official_help,SECONDARY_REFERENCE_OFFICIAL_PRODUCT,View a Bid Package,https://support.procore.com/products/online/user-guide/project-level/bidding/tutorials/view-a-bid-package,"intent,submission status,bid amount",ACTIVE
P13-SRC-010,Procore,official_help,SECONDARY_REFERENCE_OFFICIAL_PRODUCT,Email bid submission FAQ,https://support.procore.com/faq/can-bidders-submit-their-bid-via-email-or-must-they-sign-in,"supplier friction,email ingestion,status",ACTIVE
P13-SRC-011,Procore,official_pricing,SECONDARY_REFERENCE_OFFICIAL_PRODUCT,Plans and Pricing UAE,https://www.procore.com/en-ae/pricing,"pricing model,implementation,market positioning",ACTIVE
P13-SRC-012,Autodesk BuildingConnected,official_product,SECONDARY_REFERENCE_OFFICIAL_PRODUCT,BuildingConnected Pro Overview,https://www.autodesk.com/products/building-connected-pro/overview,"network,bid forms,leveling,qualification,API",ACTIVE
P13-SRC-013,Autodesk BuildingConnected,official_customer_case,SECONDARY_REFERENCE_OFFICIAL_PRODUCT,Ryan Companies bid management,https://construction.autodesk.com/resources/customers/ryan-companies-improved-construction-bid-management/,"spreadsheet fragmentation,standardization pain",ACTIVE
P13-SRC-014,CMiC,official_product,SECONDARY_REFERENCE_OFFICIAL_PRODUCT,Bidding & Procurement,https://cmicglobal.com/products/project-management/bidding-and-procurement,"prequal,ITB,bid comparison",ACTIVE
P13-SRC-015,CMiC,official_help,SECONDARY_REFERENCE_OFFICIAL_PRODUCT,Bid Package,https://docs.cmicglobal.com/portal/Content/E_Reference_Material/CMiC_Field/Reference/Bid_Management/Bid_Package_Entry.htm,"package,buyout mapping,bidders,purchase handoff",ACTIVE
P13-SRC-016,CMiC,official_help,SECONDARY_REFERENCE_OFFICIAL_PRODUCT,Bid Package Status,https://docs.cmicglobal.com/portal/Content/E_Reference_Material/CMiC_Field/Reference/File_Maintenance/Local_Tables/Bid_Package_Status.htm,"state classes",ACTIVE
P13-SRC-017,CMiC,official_help,SECONDARY_REFERENCE_OFFICIAL_PRODUCT,Bid Analysis Buy Out,https://docs.cmicglobal.com/portal/Content/E_Reference_Material/CMiC_Field/Reference/Bid_Management/Bid_Analysis_Buy_Out.htm,"selection,duplicate item guard,purchase",ACTIVE
P13-SRC-018,CMiC,official_help,SECONDARY_REFERENCE_OFFICIAL_PRODUCT,PO Module Interactions,https://docs.cmicglobal.com/portal/Content/E_Reference_Material/PO_-_Purchase_Order/Reference/Overview/Module_Interactions.htm,"requisition to PO,PO-vs-subcontract",ACTIVE
P13-SRC-019,Kojo,official_product,SECONDARY_REFERENCE_OFFICIAL_PRODUCT,Purchasing,https://www.usekojo.com/solutions/purchasing,"field request,RFQ,PO,spend,accounting integration",ACTIVE
P13-SRC-020,Kojo,official_product,SECONDARY_REFERENCE_OFFICIAL_PRODUCT,Field,https://www.usekojo.com/solutions/field,"field requisition,delivery,returns,warehouse visibility",ACTIVE
P13-SRC-021,JobTread,official_pricing,SECONDARY_REFERENCE_OFFICIAL_PRODUCT,Pricing,https://www.jobtread.com/pricing,"SMB pricing,unlimited external users,implementation",ACTIVE
P13-SRC-022,JobTread,official_product,SECONDARY_REFERENCE_OFFICIAL_PRODUCT,Purchasing,https://www.jobtread.com/features/purchasing,"PO/work order,budget conversion,audit",ACTIVE
P13-SRC-023,Buildxact,official_pricing,SECONDARY_REFERENCE_OFFICIAL_PRODUCT,US Pricing,https://www.buildxact.com/us/pricing/,"SMB pricing,purchase orders,RFQ,bundle",ACTIVE
