gate_id,check,mandatory,status,evidence,notes
G-001,Source Register stable and deduplicated,YES,PENDING,,
G-002,All inherited v0.1 competitor claims registered,YES,PENDING,,
G-003,All inherited claims verified contested withdrawn or superseded,YES,PENDING,,
G-004,Old cross-market conclusions demoted or re-derived,YES,PENDING,,
G-005,All load-bearing assumptions visible,YES,PENDING,,
G-006,All current blocking questions visible,YES,PENDING,,
G-007,Known contradictions registered,YES,PENDING,,
G-008,Terminology normalized enough for P1.1,YES,PENDING,,
G-009,ADR lifecycle tested,YES,PENDING,,
G-010,Requirement traceability tested,YES,PENDING,,
G-011,Architecture change control tested or dry-run,YES,PENDING,,
G-012,No critical schema changes across two consecutive verification batches,YES,PENDING,,
G-013,Independent hostile P1.0 gate audit completed,YES,PENDING,,
G-014,Zero open S3 or S4 audit findings,YES,PENDING,,
