area_id,phase1_class,v2_disposition,v2_mapping,implementation_posture
FND-01,SPINE,PRESERVE,CAP-001,FOUNDATION_ACCEPTED
FND-02,SPINE,PRESERVE,CAP-001,FOUNDATION_ACCEPTED
FND-03,THIN,PRESERVE_THIN,Platform_org_context,THIN_AS_NEEDED
FND-04,SPINE,PRESERVE,CAP-001,FOUNDATION_ACCEPTED
FND-05,SPINE,PRESERVE,CAP-002,FOUNDATION_ACCEPTED
FND-06,SPINE,PRESERVE,CAP-002,FOUNDATION_ACCEPTED_EXTEND
FND-07,SPINE,PRESERVE,CAP-003|CAP-004|CAP-022,FOUNDATION_PLUS_R02_R05
FND-08,THIN,PRESERVE_THIN,Platform_governed_configuration,FOUNDATION_EXTEND
FND-09,OUT,KEEP_OUT,Typed_extension_ceiling,NOT_V2_BUILD
FND-10,OUT,KEEP_OUT,CAP-002_bounded_approval_only,NO_GENERAL_WORKFLOW_ENGINE
FND-11,SPINE,PRESERVE,CAP-002|CAP-029,FOUNDATION_ACCEPTED_EXTEND
FND-12,SPINE,PRESERVE,Audit_event_catalogue|CAP-050|CAP-055,FOUNDATION_ACCEPTED_EXTEND
FND-13,THIN,PRESERVE_THIN,CAP-034|CAP-036,R09_PLUS_DERIVED_TASKS
FND-14,THIN,PRESERVE_THIN,CAP-037,R09
MAS-01,SPINE,PRESERVE,CAP-003|CAP-004,R02
MAS-02,THIN,PRESERVE_STRENGTHEN,CAP-006|CAP-051,R02
MAS-03,THIN,PRESERVE_STRENGTHEN,CAP-005|CAP-051,R02
MAS-04,THIN,PRESERVE_STRENGTHEN,CAP-047,R02_R06_R07
MAS-05,OUT,SCOPE_REOPEN_PROMOTE_THIN,CAP-047,R02_R06_R07_DETERMINISTIC_ONLY
MAS-06,THIN,PRESERVE,CAP-007,R01
MAS-07,THIN,PRESERVE,CAP-006|CAP-007|CAP-045,R01_R03
MAS-08,SPINE,PRESERVE,CAP-005|CAP-051,R02
FIN-01,SPINE,PRESERVE,CAP-009|CAP-052,R01_R03
FIN-02,SPINE,PRESERVE,CAP-052,R01_R03_R07
FIN-03,INTERFACE-ONLY,PRESERVE_INTERFACE,CAP-052,NO_FULL_BUDGET_ENGINE
FIN-04,SPINE,PRESERVE_ARCH_DEFER_DEEP,Canonical_commercial_event_substrate|CAP-040,R08_BASELINE_THEN_R12_PLUS
FIN-05,SPINE,PRESERVE,CAP-010|CAP-025|CAP-031,R01_R06_R08
FIN-06,INTERFACE-ONLY,PRESERVE_INTERFACE,CAP-039,R10_INTERFACE
FIN-07,OUT,KEEP_OUT,Payment_reference_only,NOT_V2_BUILD
FIN-08,INTERFACE-ONLY,PRESERVE_INTERFACE,CAP-039,R10_INTERFACE
FIN-09,THIN,PRESERVE_LATER,CAP-040,R12_PLUS
FIN-10,THIN,PRESERVE_LATER,CAP-031|CAP-040,R08_TERMS_R12_LIFECYCLE
FIN-11,SPINE,PRESERVE_ARCH_DEFER_DEEP,CAP-038|CAP-040,R10_RECEIPT_INPUT_R12_VALUATION
FIN-12,SPINE,PRESERVE_ARCH_DEFER_DEEP,CAP-040,R12_PLUS
PRC-01,THIN,PRESERVE_MOVE_EARLY,CAP-049|CAP-036,R03_R09
PRC-02,SPINE,PRESERVE_STRENGTHEN,CAP-013|CAP-014|CAP-015,R03
PRC-03,SPINE,PRESERVE_STRENGTHEN,CAP-016|CAP-045|CAP-049,R03
PRC-04,THIN,PRESERVE_STRENGTHEN,CAP-049|CAP-053,R03_R09
PRC-05,SPINE,PRESERVE_REBUILD,CAP-017,R04
PRC-06,SPINE,PRESERVE_REBUILD,CAP-020|CAP-051|CAP-047,R04
PRC-07,THIN,PRESERVE_STRENGTHEN,CAP-019|CAP-045,R04
PRC-08,SPINE,PRESERVE,CAP-023|CAP-024,R05
PRC-09,THIN,PRESERVE_STRENGTHEN,CAP-020|CAP-055,R04_R07
PRC-10,SPINE,PRESERVE_STRENGTHEN,CAP-025|CAP-026,R06
PRC-11,THIN,PRESERVE_STRENGTHEN,CAP-029,R07
PRC-12,SPINE,PRESERVE,CAP-002|CAP-029,R07
PRC-13,THIN,PRESERVE,CAP-028|CAP-055,R07
PRC-14,SPINE,PRESERVE,CAP-030|CAP-031,R07_R08
PRC-15,SPINE,PRESERVE,CAP-025|CAP-026,R06
COM-01,SPINE,PRESERVE_MOVE_EARLY,CAP-031|CAP-032|CAP-033,R08
COM-02,THIN,PRESERVE_STRENGTHEN,CAP-012|CAP-032,R01_R08
COM-03,INTERFACE-ONLY,SCOPE_REOPEN_CLARIFY,CAP-048,R08_OWNS_EXECUTION_STATE_PROVIDER_EXTERNAL
COM-04,SPINE,PRESERVE_ARCH_DEFER_DEEP,CAP-033|CAP-040,R08_BOUNDARY_R12_DEEP
COM-05,THIN,PRESERVE,CAP-038,R10
COM-06,THIN,PRESERVE_LATER,CAP-040,R12_PLUS
COM-07,THIN,PRESERVE_LATER,CAP-040,R12_PLUS
DOC-01,SPINE,PRESERVE_REBUILD,CAP-050,R01
DOC-02,SPINE,PRESERVE_REBUILD,CAP-050|CAP-012,R01
DOC-03,INTERFACE-ONLY,PRESERVE_INTERFACE,CAP-053|CAP-050,CDE_REFERENCE_ONLY
DOC-04,THIN,PRESERVE_REBUILD,CAP-055|CAP-050,R04_R08
DOC-05,OUT,KEEP_OUT_WITH_GATE_SEAM,CAP-053,NO_FULL_CDE_OR_RFI_PRODUCT
EXT-01,SPINE,PRESERVE_REBUILD,CAP-022|CAP-023,R05
EXT-02,THIN,PRESERVE_STRENGTHEN,CAP-051,R02
EXT-03,OUT,KEEP_OUT,Task_focused_external_access,NO_BROAD_PORTAL_REQUIRED
EXT-04,OUT,KEEP_OUT,Supplier_master_taxonomy_only,NO_MARKETPLACE
INT-01,SPINE,PRESERVE,Bounded_actions_API,FOUNDATION_ACCEPTED
INT-02,THIN,PRESERVE_THIN,CAP-039|External_API_surface,R10_PLUS
INT-03,INTERFACE-ONLY,PRESERVE_INTERFACE,CAP-039|B03_reconciliation,R10
INT-04,INTERFACE-ONLY,PRESERVE_INTERFACE,CAP-039,CONNECTORS_AS_NEEDED
INT-05,THIN,PRESERVE_THIN,R01_R02_R11_import,R01_R02_R11
INT-06,THIN,PRESERVE_THIN,CAP-037|CAP-039,R09_R10
UX-01,SPINE,PRESERVE,CAP-042,EVERY_BLOCK
UX-02,OUT,KEEP_OUT,Responsive_web_ceiling,NO_NATIVE_V2
UX-03,OUT,KEEP_OUT,Offline_future_ceiling,NO_OFFLINE_V2
UX-04,THIN,PRESERVE_STRENGTHEN,CAP-034|CAP-035|CAP-036|CAP-058,R09
UX-05,THIN,PRESERVE,CAP-037,R09
AI-01,OUT,SCOPE_REOPEN_PROMOTE_BOUNDED,CAP-027,R06_BOUNDED_HUMAN_CONFIRMED
AI-02,OUT,KEEP_OUT_FIRST_SPINE,CAP-041,R12_PLUS_ONLY
AI-03,OUT,KEEP_OUT,Controlled_actions_future_ceiling,NO_AUTONOMOUS_V2
ADJ-01,INTERFACE-ONLY,SCOPE_REOPEN_ADD_HANDOVER,CAP-046,R03_HANDOVER_NOT_ESTIMATING_ENGINE
ADJ-02,INTERFACE-ONLY,PRESERVE_INTERFACE,CAP-049,PROCUREMENT_MILESTONES_NOT_CPM
ADJ-03,OUT,KEEP_OUT,CAP-038_receipt_only,NO_STOCK_LEDGER
ADJ-04,OUT,KEEP_OUT,None,NOT_PRODUCT_SCOPE
ADJ-05,OUT,KEEP_OUT,None,NOT_PRODUCT_SCOPE
